i,code,constituency,Con,Lab,LD,UKIP,Green,SNP,PC,Other,Con_hi,Lab_hi,LD_hi,UKIP_hi,Green_hi,SNP_hi,PC_hi,Other_hi,Con_lo,Lab_lo,LD_lo,UKIP_lo,Green_lo,SNP_lo,PC_lo,Other_lo
1,E14000530,Aldershot,51.8,29.1,11,5.5,2.6,0,0,0,58.4,36.4,16.6,8.5,4.8,0,0,0,44.4,22.2,6.7,3,1.3,0,0,0
2,E14000531,Aldridge-Brownhills,62.3,29.3,4.8,0,0,0,0,3.5,69.3,36.5,8.4,0,0,0,0,10.8,53.9,21.4,2.4,0,0,0,0,0.6
3,E14000532,Altrincham and Sale West,48.6,35.2,11.1,0,1.9,0,0,3.2,56,42,17,0,3.8,0,0,8.3,41.3,28.5,6.7,0,0.8,0,0,0.6
4,E14000533,Amber Valley,51.3,40.7,3.2,0,2.2,0,0,2.7,58,47.4,5.7,0,4.7,0,0,8.8,43.9,33.7,1.5,0,0.8,0,0,0.3
5,E14000534,Arundel and South Downs,58.7,21.9,10.8,4.9,3.6,0,0,0,65.6,27.9,15.6,7.9,6.2,0,0,0,52.4,16.4,7.1,2.8,1.9,0,0,0
6,E14000535,Ashfield,35.6,42.3,5.9,6.5,1.7,0,0,8,42.2,50,10.1,10.2,3.5,0,0,16.5,28.1,35.1,3.2,3.7,0.6,0,0,2.7
7,E14000536,Ashford,55.6,25,8.6,6.6,4.2,0,0,0,61.7,30.2,13.2,10,7.2,0,0,0,49.5,20.1,5.2,3.8,2.1,0,0,0
8,E14000537,Ashton-under-Lyne,33.4,50.4,3.2,10.3,2.7,0,0,0,40.7,57.3,5.9,16,5.6,0,0,0,26.1,43.4,1.5,6.1,1,0,0,0
9,E14000538,Aylesbury,51.5,25.2,13.5,5.5,2,0,0,2.3,57.6,32.8,18.9,8.5,4.2,0,0,6.1,44.6,19,9,2.8,0.9,0,0,0.5
10,E14000539,Banbury,48.9,30.9,9.4,4.3,2.5,0,0,4,56.2,38.9,14.8,6.6,4.8,0,0,10.4,41.7,24.1,5.2,2.1,1.1,0,0,0.8
11,E14000540,Barking,22.4,63.5,2.6,7.9,2.4,0,0,1.2,28,69.5,5.6,12.2,5.7,0,0,4.1,17.5,56.1,1.1,4.2,0.8,0,0,0.2
12,E14000541,Barnsley Central,25.5,57,2.4,10.1,2.4,0,0,2.6,31.4,63.8,4.9,15.7,5.1,0,0,7.6,19.4,50.4,1.1,6.1,0.9,0,0,0.4
13,E14000542,Barnsley East,29.6,55.9,3.2,9.4,0,0,0,1.9,37.3,63.1,5.4,14.1,0,0,0,6.8,23.1,47.1,1.7,5.9,0,0,0,0.3
14,E14000543,Barrow and Furness,43.6,46,4.4,4.3,1.7,0,0,0,50.8,52.7,8.4,7.4,3.2,0,0,0,36.8,39.2,2,2,0.7,0,0,0
15,E14000544,Basildon and Billericay,50.4,34.6,7,7.9,0,0,0,0,57.6,40.6,12,12,0,0,0,0,43.2,28.4,4,4.9,0,0,0,0
16,E14000545,Basingstoke,48.8,32.3,8.7,5.2,1.9,0,0,3.1,55.3,39.8,12.8,7.7,3.5,0,0,7.9,41.3,26.1,5.2,3,0.8,0,0,0.8
17,E14000546,Bassetlaw,38.7,57.2,2.5,0,0,0,0,1.6,44.5,64.2,4.6,0,0,0,0,6,32.3,50.8,1.2,0,0,0,0,0.3
18,E14000547,Bath,33.5,19.9,43.8,0,2.8,0,0,0,38.9,27.3,52.6,0,5.3,0,0,0,27.8,13.8,35.4,0,1.2,0,0,0
19,E14000548,Batley and Spen,40.7,51.7,3.5,0,1.5,0,0,2.5,47.6,59,6.2,0,3.4,0,0,7.9,34.4,44.6,1.7,0,0.5,0,0,0.4
20,E14000549,Battersea,39.5,43.9,9.6,1.7,2.7,0,0,2.7,46.1,51,14.6,3.1,5.8,0,0,7.1,32.8,37.4,5.5,0.9,0.8,0,0,0.5
21,E14000550,Beaconsfield,62.3,20.2,10.8,4.4,2.3,0,0,0,70.3,26.6,16.3,7,4.5,0,0,0,54,14,6.4,2.3,1,0,0,0
22,E14000551,Beckenham,56.7,30.9,9.5,0,2.9,0,0,0,61.6,37.1,14.6,0,5.3,0,0,0,51.1,25.5,5.8,0,1.3,0,0,0
23,E14000552,Bedford,42.5,49.7,5.6,0,2.2,0,0,0,48.5,56.4,9.9,0,4.7,0,0,0,36.6,43.4,2.9,0,0.7,0,0,0
24,E14000553,Bermondsey and Old Southwark,14.2,46,34.4,2.1,2,0,0,1.2,19.1,55.3,43.8,3.4,4.3,0,0,4.7,10.6,36.2,25.3,1.1,0.8,0,0,0.2
25,E14000554,Berwick-upon-Tweed,46.8,21.3,30.3,0,1.7,0,0,0,53.2,28.3,39.1,0,3.5,0,0,0,40.6,14.6,22.6,0,0.7,0,0,0
26,E14000555,Bethnal Green and Bow,17.7,64.5,8.4,3.2,4.5,0,0,1.6,23.5,71.3,13.1,6,7.6,0,0,5.7,13.1,56.6,4.6,1.6,2.1,0,0,0.3
27,E14000556,Beverley and Holderness,55,35.4,5.3,0,2.1,0,0,2.2,60.8,42,8.4,0,4,0,0,5.8,48,29.7,2.8,0,0.9,0,0,0.6
28,E14000557,Bexhill and Battle,60.1,22.1,9.7,5.8,2.4,0,0,0,65.9,28.5,13.9,9.1,4.2,0,0,0,53.9,16.6,6,3.2,1,0,0,0
29,E14000558,Bexleyheath and Crayford,48.4,32.2,5.5,9.7,2.1,0,0,2.1,55.7,39.1,9.9,14.5,4.2,0,0,6.7,40.3,25.7,2.8,6.1,0.8,0,0,0.3
30,E14000559,Birkenhead,22,73.2,2.8,0,2,0,0,0,27.9,79.3,5.2,0,4.2,0,0,0,17,65.6,1.3,0,0.8,0,0,0
31,E14000560,"Birmingham, Edgbaston",42.2,45.5,5.5,0,4,0,0,2.8,49.3,53.2,9.9,0,8.4,0,0,8.8,35.5,38,2.7,0,1.7,0,0,0.6
32,E14000561,"Birmingham, Erdington",40.6,53.7,2.8,0,2.8,0,0,0,47.4,60.7,5.2,0,5.8,0,0,0,33.8,46.5,1.3,0,1.3,0,0,0
33,E14000562,"Birmingham, Hall Green",20.8,68.9,7.4,0,2.9,0,0,0,25.5,75.8,12.3,0,5.2,0,0,0,15.9,61.4,3.8,0,1.2,0,0,0
34,E14000563,"Birmingham, Hodge Hill",19.1,69.9,3.3,5.3,2.3,0,0,0,25,76.8,6.5,8.4,5,0,0,0,13.9,62.1,1.2,2.9,0.9,0,0,0
35,E14000564,"Birmingham, Ladywood",17.4,74.9,4.6,0,3.1,0,0,0,22.9,81.5,8.2,0,6.8,0,0,0,12.8,67.8,2.3,0,1.2,0,0,0
36,E14000565,"Birmingham, Northfield",43.9,51.3,2.6,0,2.2,0,0,0,50.6,58.9,4.7,0,4.5,0,0,0,36.7,44.2,1.3,0,0.9,0,0,0
37,E14000566,"Birmingham, Perry Barr",27,61,4.2,0,2.9,0,0,5,33.8,69.4,7.7,0,6.1,0,0,13.6,20.7,51.2,1.9,0,1.2,0,0,0.9
38,E14000567,"Birmingham, Selly Oak",34.4,58.4,3.9,0,3.2,0,0,0,40.1,66.4,7.4,0,6.7,0,0,0,28.6,50.7,1.8,0,1.3,0,0,0
39,E14000568,"Birmingham, Yardley",19.9,51.5,17.5,6.1,2.5,0,0,2.5,26.1,60.7,24.8,9.8,5,0,0,7.6,14.8,42.5,11.5,3.3,1.1,0,0,0.5
40,E14000569,Bishop Auckland,43.1,50.1,4.5,0,0,0,0,2.3,49.1,55.9,8,0,0,0,0,7.7,37.1,43.7,2.2,0,0,0,0,0.3
41,E14000570,Blackburn,32.2,59.8,3.5,0,0,0,0,4.5,38.9,66.3,6.8,0,0,0,0,11.5,25.3,52.7,1.6,0,0,0,0,1
42,E14000571,Blackley and Broughton,22.2,64.8,2.6,6.3,2.6,0,0,1.5,28.3,70.6,5.6,9,5.1,0,0,4.9,17.4,58.5,1,3.8,1,0,0,0.3
43,E14000572,Blackpool North and Cleveleys,45,44,2.8,6.8,1.4,0,0,0,51.3,50.6,5.3,9.9,2.8,0,0,0,38.3,37.5,1.4,4.3,0.5,0,0,0
44,E14000573,Blackpool South,42.7,44.5,3.2,7.2,2.3,0,0,0,49.6,52,5.8,10.4,4.8,0,0,0,36,37.6,1.6,4.2,0.9,0,0,0
45,E14000574,Blaydon,28,50.4,9.4,7,2,0,0,3.2,34.1,56.9,14.4,10.7,4,0,0,8.8,22.3,43.4,5.7,4.3,0.9,0,0,0.7
46,E14000575,Blyth Valley,38.2,52.1,6.4,0,3.2,0,0,0,44.9,60,10.5,0,6.6,0,0,0,31.2,43.7,3.9,0,1.4,0,0,0
47,E14000576,Bognor Regis and Littlehampton,51.9,25.5,9.7,6.8,2.1,0,0,4,59,32.3,14.6,10.5,3.8,0,0,9.2,44.4,19.5,5.9,3.9,1.1,0,0,0.9
48,E14000577,Bolsover,33.7,55.4,3,7.9,0,0,0,0,39.9,61.6,5.2,12.3,0,0,0,0,27.6,48.8,1.4,4.6,0,0,0,0
49,E14000578,Bolton North East,38.2,49.5,3.6,6.7,2.1,0,0,0,44.1,55.4,6.4,10.5,4.6,0,0,0,32.2,43.9,1.7,3.7,0.8,0,0,0
50,E14000579,Bolton South East,32.2,52.8,3.2,9.1,2.7,0,0,0,39.3,60.6,5.8,13.6,5.1,0,0,0,25.6,45.5,1.4,5.4,1.2,0,0,0
51,E14000580,Bolton West,43.9,44.7,5.1,6.3,0,0,0,0,49.8,51.8,8.3,9.9,0,0,0,0,37.4,38.2,2.7,3.8,0,0,0,0
52,E14000581,Bootle,21.6,68.5,3.9,0,3.3,0,0,2.7,28.5,75.9,7.6,0,6.1,0,0,8.5,15.5,59.6,1.7,0,1.4,0,0,0.4
53,E14000582,Boston and Skegness,51.8,27.6,3.6,11.7,2.3,0,0,3,59.7,36,6.7,16.6,4.3,0,0,7.5,43.5,21.1,1.9,7.6,1.1,0,0,0.7
54,E14000583,Bosworth,50.6,29,18.5,0,1.8,0,0,0,56.4,36.1,25.2,0,4.2,0,0,0,44.2,21.8,12.4,0,0.7,0,0,0
55,E14000584,Bournemouth East,49.9,28.9,9.4,5,3.7,0,0,3.1,56.3,36.5,14,7.8,7.1,0,0,7.9,42.8,21.4,5.5,2.9,1.7,0,0,0.7
56,E14000585,Bournemouth West,49.1,35.5,8.8,0,3.1,0,0,3.5,55.8,43.1,14.1,0,5.7,0,0,9.4,41.8,28.1,4.7,0,1.1,0,0,0.8
57,E14000586,Bracknell,54.3,27.9,10.1,5.5,0,0,0,2.1,61,34.6,14.7,8.7,0,0,0,7.2,47.8,22.1,6.3,2.9,0,0,0,0.4
58,E14000587,Bradford East,19,58,11.7,4,1.8,0,0,5.5,24.7,66.6,17.8,6.2,3.7,0,0,14.2,13.8,48.3,7,2.1,0.7,0,0,1.6
59,E14000588,Bradford South,35.4,51.1,2.3,7.6,1.8,0,0,1.8,42.2,57.4,4.3,11.5,3.8,0,0,6.3,29,44.9,1.2,4.3,0.7,0,0,0.3
60,E14000589,Bradford West,17.9,58.7,5,3.4,2.3,0,0,12.7,23.2,69.5,9.9,6.2,4.8,0,0,28.5,13.1,44.5,2,1.7,0.8,0,0,2.8
61,E14000590,Braintree,60.1,26.4,5.8,5.9,1.8,0,0,0,66.3,31.6,9,9,3.3,0,0,0,53.6,21.4,3.5,3.3,0.8,0,0,0
62,E14000591,Brent Central,20.4,66.5,7.8,2.9,2.4,0,0,0,27.2,73.8,13.9,5.2,5,0,0,0,15.2,57.9,4,1.4,0.9,0,0,0
63,E14000592,Brent North,33.8,55.9,6.5,0,2.4,0,0,1.4,40.8,63.6,10.8,0,4.8,0,0,4.6,26.9,48.4,3.5,0,1,0,0,0.2
64,E14000593,Brentford and Isleworth,40.2,52.6,7.2,0,0,0,0,0,46.7,59.8,11.7,0,0,0,0,0,33.3,45.2,4,0,0,0,0,0
65,E14000594,Brentwood and Ongar,55.7,22.4,10.4,6.5,2.5,0,0,2.4,62.7,29.5,15.1,9.9,5.2,0,0,8.3,47.9,16.6,6.8,3.9,1.1,0,0,0.4
66,E14000595,Bridgwater and West Somerset,50.2,31.6,8.2,7.4,2.6,0,0,0,57.4,38.5,12.2,12.1,5,0,0,0,43.2,24.3,5.1,3.9,1.2,0,0,0
67,E14000596,Brigg and Goole,54.1,35.7,3.3,5.2,1.7,0,0,0,61.1,43,6.7,8.3,3.7,0,0,0,47.4,29.8,1.5,2.6,0.6,0,0,0
68,E14000597,"Brighton, Kemptown",39.8,51.2,6.1,0,0,0,0,2.9,45.5,57.6,10,0,0,0,0,8.1,33.2,44.8,3.3,0,0,0,0,0.6
69,E14000598,"Brighton, Pavilion",18.1,20.9,0,1.9,56.3,0,0,2.8,23.2,28.2,0,3.4,64.3,0,0,8.2,13.9,14.6,0,0.9,48,0,0,0.6
70,E14000599,Bristol East,36.8,55.2,5.4,0,2.6,0,0,0,42.9,62.7,9.1,0,4.8,0,0,0,30.4,48.4,2.9,0,1.1,0,0,0
71,E14000600,Bristol North West,38.5,50.9,8,0,2.6,0,0,0,44.2,57.6,13.3,0,5.2,0,0,0,32.7,44,4.7,0,1.1,0,0,0
72,E14000601,Bristol South,29.5,54.3,6.3,4.5,3.6,0,0,1.8,35.5,61.2,10.6,7.3,6.4,0,0,6,23.6,47,3.5,2.4,1.4,0,0,0.3
73,E14000602,Bristol West,13.1,56.8,12.5,0,16,0,0,1.6,17.2,66.6,19.3,0,22.9,0,0,4.3,9.4,47.7,7.6,0,10.5,0,0,0.3
74,E14000603,Broadland,52.2,30.8,8.1,6.6,2.3,0,0,0,58.7,36.9,12.9,10.6,4.3,0,0,0,45.7,24.8,4.7,3.8,1.1,0,0,0
75,E14000604,Bromley and Chislehurst,47.3,33.7,9.8,7.1,2.1,0,0,0,53.7,40.9,15.8,10.6,3.8,0,0,0,41,25.8,5.8,4.5,0.9,0,0,0
76,E14000605,Bromsgrove,57.5,34.7,5.6,0,2.2,0,0,0,63.8,41.7,9.4,0,4.4,0,0,0,51.2,28.4,2.9,0,0.9,0,0,0
77,E14000606,Broxbourne,58.3,27.7,5.2,7.3,1.5,0,0,0,64.9,34.7,9.5,11.2,3,0,0,0,50.9,21.9,2.5,4.4,0.6,0,0,0
78,E14000607,Broxtowe,44,44.8,5.3,4.1,1.8,0,0,0,48.8,50.9,8.3,6.2,3.4,0,0,0,39,39.3,3,2.4,0.8,0,0,0
79,E14000608,Buckingham,0,0,0,13.7,19.3,0,0,67,0,0,0,21.9,28.4,0,0,80,0,0,0,5.5,12.2,0,0,54.5
80,E14000609,Burnley,24.5,47.1,18,8,2.3,0,0,0,32.6,56,27.2,12.3,5.5,0,0,0,18,37.1,10.1,4.5,0.7,0,0,0
81,E14000610,Burton,57.8,35.1,4.9,0,2.3,0,0,0,64.3,42.8,9.7,0,4.5,0,0,0,50.1,28.3,1.9,0,1,0,0,0
82,E14000611,Bury North,45,50.4,4.6,0,0,0,0,0,51.6,57.5,8.3,0,0,0,0,0,38.6,44.1,2.2,0,0,0,0,0
83,E14000612,Bury South,38,51.8,3.3,5.3,0,0,0,1.5,44.7,58.3,5.7,8.3,0,0,0,5.3,31.9,44.8,1.6,2.9,0,0,0,0.2
84,E14000613,Bury St Edmunds,59.1,26.6,7.8,0,4.1,0,0,2.4,65.4,33,12.6,0,6.7,0,0,6.6,52.5,20.7,4.4,0,2.2,0,0,0.6
85,E14000614,Calder Valley,42.5,46.2,3.8,4.2,1.3,0,0,2,47.6,52,6.6,6.6,2.5,0,0,5.9,37.1,41,2.1,2.4,0.5,0,0,0.5
86,E14000615,Camberwell and Peckham,15.9,69.2,7.5,0,5.3,0,0,2.2,21.3,75.9,12.2,0,9.4,0,0,6.3,11,62.1,4.3,0,2.5,0,0,0.4
87,E14000616,Camborne and Redruth,47.3,40.8,8.9,0,3,0,0,0,53.3,47.6,13,0,5.8,0,0,0,40.6,34.2,5,0,1.3,0,0,0
88,E14000617,Cambridge,13.2,50.3,32.1,0,1.9,0,0,2.5,18.6,59.7,40.5,0,4,0,0,7.8,9,42,23.9,0,0.7,0,0,0.5
89,E14000618,Cannock Chase,49.1,38.7,2.8,7.6,1.9,0,0,0,55.8,44.8,5.3,11.5,4,0,0,0,42.7,32.2,1.1,4.3,0.8,0,0,0
90,E14000619,Canterbury,42.5,44.8,10.3,0,2.4,0,0,0,49.3,53.4,15.2,0,4.9,0,0,0,36.3,37.5,6.7,0,0.8,0,0,0
91,E14000620,Carlisle,44.7,47.1,3.2,5,0,0,0,0,50.9,54.1,5.7,7.7,0,0,0,0,38.4,40.6,1.6,2.9,0,0,0,0
92,E14000621,Carshalton and Wallington,40.8,19.6,36.2,0,2,0,0,1.4,48.3,26.9,44.9,0,4.1,0,0,6.3,34.2,13.5,27.3,0,0.9,0,0,0.2
93,E14000622,Castle Point,56,29.4,3.3,11.4,0,0,0,0,64.2,38.5,5.9,16.9,0,0,0,0,47.3,22.3,1.4,7.1,0,0,0,0
94,E14000623,Central Devon,55.2,20.3,14.9,3.8,3.4,0,0,2.3,60.6,26,20.9,6.2,5.8,0,0,6.5,49.4,15.5,10.6,2,1.6,0,0,0.4
95,E14000624,Central Suffolk and North Ipswich,57.5,27.1,8.1,4.6,2.7,0,0,0,63.7,33.6,12.4,7.6,5.7,0,0,0,50.8,21.6,4.9,2.1,1.2,0,0,0
96,E14000625,Charnwood,57.8,28.4,6.4,5.5,1.9,0,0,0,64.9,34.8,11.2,8.3,3.9,0,0,0,51.1,21.3,3.1,3.1,0.8,0,0,0
97,E14000626,Chatham and Aylesford,51.8,33.4,4.2,7.3,1.9,0,0,1.4,58.2,40.5,6.7,11.5,4,0,0,4.6,45.1,27.7,2.2,4.1,0.7,0,0,0.2
98,E14000627,Cheadle,45.2,22.3,32.5,0,0,0,0,0,52.3,29.7,40.2,0,0,0,0,0,38.1,15.6,24.5,0,0,0,0,0
99,E14000628,Chelmsford,48,31.2,13,5.7,2.1,0,0,0,54.7,38.2,18.4,8.8,4.2,0,0,0,40.9,24.5,8.8,3.4,0.8,0,0,0
100,E14000629,Chelsea and Fulham,48.5,32.6,13.7,2.6,2.7,0,0,0,57.6,41.2,21.6,5,6,0,0,0,39.2,24,8.1,1.1,0.9,0,0,0
101,E14000630,Cheltenham,43.7,15.5,38.5,0,2.4,0,0,0,49.8,22.1,45.9,0,4.6,0,0,0,37.2,9.8,31.2,0,1,0,0,0
102,E14000631,Chesham and Amersham,55.9,19.3,17.7,4.6,2.5,0,0,0,62.8,25.6,24.4,7.6,4.9,0,0,0,49.2,14.7,12.7,2.5,1.1,0,0,0
103,E14000632,Chesterfield,26.6,53.6,10.3,6.4,3.1,0,0,0,32,60.9,15.3,9.9,6.3,0,0,0,21.7,46.4,6.1,3.6,1.2,0,0,0
104,E14000633,Chichester,53.3,26.5,11.7,4.6,2.3,0,0,1.5,59.6,33.3,17.6,6.9,4.7,0,0,4.6,46.4,19.9,7.3,2.5,0.9,0,0,0.3
105,E14000634,Chingford and Woodford Green,49.8,39.6,7.8,0,2.8,0,0,0,56.5,47.6,12.6,0,5.7,0,0,0,43,31.5,4,0,1.2,0,0,0
106,E14000635,Chippenham,52.3,18.1,29.6,0,0,0,0,0,58.6,24,37.1,0,0,0,0,0,45.3,12.8,22.5,0,0,0,0,0
107,E14000636,Chipping Barnet,45.1,43.4,9.1,0,2.4,0,0,0,51.6,50.1,13.9,0,4.3,0,0,0,38.6,36.9,5.4,0,1.1,0,0,0
108,E14000637,Chorley,41.5,53.2,3.5,0,1.7,0,0,0,47.3,59.8,6.8,0,3.4,0,0,0,35.8,46.4,1.6,0,0.7,0,0,0
109,E14000638,Christchurch,66.2,23.2,8,0,2.6,0,0,0,71.9,29.8,12.5,0,6,0,0,0,59.6,17.3,4.5,0,0.8,0,0,0
110,E14000639,Cities of London and Westminster,40.5,39.1,12.1,2.5,3.7,0,0,2.2,47.6,47.2,18.9,4.6,7.1,0,0,6.1,33.9,30.8,7.2,1.3,1.6,0,0,0.5
111,E14000640,City of Chester,41.1,54.4,4.5,0,0,0,0,0,47,61.1,7.4,0,0,0,0,0,35.2,48.3,2.4,0,0,0,0,0
112,E14000641,City of Durham,28.8,50.8,9.3,3.7,3.4,0,0,4,34.6,57.8,13.8,6.4,6.4,0,0,10.5,23,43.7,5.6,1.9,1.6,0,0,0.9
113,E14000642,Clacton,47.5,28.2,3.7,16.3,2,0,0,2.3,55.9,36,7,24.2,3.9,0,0,7.4,39.6,22,1.9,9.6,0.7,0,0,0.3
114,E14000643,Cleethorpes,52.3,35.1,3.6,7.1,1.9,0,0,0,59.2,41.6,6.7,11.2,4,0,0,0,45,28.8,1.7,4,0.7,0,0,0
115,E14000644,Colchester,43.6,29.4,22.1,0,2.7,0,0,2.2,50.1,37.3,28.5,0,5.1,0,0,6.8,37.4,22.6,15.7,0,1.3,0,0,0.5
116,E14000645,Colne Valley,43.5,47,5.2,0,1.6,0,0,2.6,49.1,54,8.8,0,3.7,0,0,8,38,40.1,2.8,0,0.6,0,0,0.5
117,E14000646,Congleton,54.9,30.5,7.9,5,1.8,0,0,0,60.7,36.7,12.2,8,3.3,0,0,0,49.3,24.6,5.1,2.8,0.7,0,0,0
118,E14000647,Copeland,42.7,47.6,3.7,6,0,0,0,0,49.5,54,6.4,9.5,0,0,0,0,35.9,41.2,1.7,3.2,0,0,0,0
119,E14000648,Corby,44.1,45.9,3.3,5.2,1.5,0,0,0,49.4,51.9,5.8,8.2,3.2,0,0,0,38.3,40.5,1.6,3,0.5,0,0,0
120,E14000649,Coventry North East,29.4,55.5,4.7,5.4,3.2,0,0,1.8,35.7,63.4,8,8.5,6.4,0,0,5.1,23.5,47.3,2.4,3,1.3,0,0,0.3
121,E14000650,Coventry North West,37.5,47.7,4.1,5.4,2.4,0,0,2.9,43.8,55.6,7.4,8.8,5.1,0,0,7.9,31,40.5,2,2.6,0.9,0,0,0.6
122,E14000651,Coventry South,34.6,52,3.7,4.4,2.8,0,0,2.5,40.5,59.1,6.8,7.5,5.6,0,0,6.8,28.4,45.3,1.8,2.1,1.2,0,0,0.4
123,E14000652,Crawley,54.5,40.8,4.8,0,0,0,0,0,59.3,46.8,8.3,0,0,0,0,0,48.9,34.9,2.4,0,0,0,0,0
124,E14000653,Crewe and Nantwich,44.8,44.5,4.1,6.6,0,0,0,0,50.6,50.6,7.3,10,0,0,0,0,39,38.9,2.1,4.3,0,0,0,0
125,E14000654,Croydon Central,42.1,45.4,4.6,4.2,2,0,0,1.7,47.8,51.9,8,7.1,4.2,0,0,5.4,35.7,38.5,2.3,2.2,0.8,0,0,0.2
126,E14000655,Croydon North,21.2,65.2,5.4,4.1,2.7,0,0,1.3,26.9,72.1,9.6,7.2,5.5,0,0,5.3,16.2,56.7,2.7,2.2,1,0,0,0.1
127,E14000656,Croydon South,51.6,31.3,9.4,3.7,2.6,0,0,1.4,57.5,37.9,15.3,5.9,5.2,0,0,4.6,45.1,25.8,5.1,1.9,1.2,0,0,0.2
128,E14000657,Dagenham and Rainham,35.4,45,3.5,12.5,2.2,0,0,1.4,43.8,54.2,7,18.4,4.8,0,0,5.9,27.5,37,1.5,8.1,0.9,0,0,0.2
129,E14000658,Darlington,38.1,51.7,3.2,5.1,1.9,0,0,0,43.3,58.1,5.3,8.2,3.8,0,0,0,32.2,46.1,1.5,2.6,0.7,0,0,0
130,E14000659,Dartford,49.6,33.5,5.3,8.1,2.2,0,0,1.3,55.6,39.8,9.1,12.9,4.4,0,0,4.6,42.8,28.4,2.9,4.5,0.9,0,0,0.2
131,E14000660,Daventry,54.8,28.1,8.3,5.7,3,0,0,0,61.6,34.8,12.9,9,5.5,0,0,0,47.8,21.8,4.9,3.2,1.5,0,0,0
132,E14000661,Denton and Reddish,33.6,53,2.8,7.1,1.8,0,0,1.7,40,59.1,5.3,11.1,3.7,0,0,6,27.1,47.2,1.3,4.1,0.8,0,0,0.2
133,E14000662,Derby North,40.5,50.1,4.5,4.9,0,0,0,0,47.3,56.6,7.8,7.6,0,0,0,0,34.8,43.8,2.3,2.7,0,0,0,0
134,E14000663,Derby South,32.5,55.4,3,6.6,2.5,0,0,0,38.6,61,5.4,9.9,5.1,0,0,0,27.4,48.9,1.4,3.9,1,0,0,0
135,E14000664,Derbyshire Dales,54.8,27.8,9.1,0,2.9,0,0,5.4,61.2,33.7,14.4,0,5.6,0,0,13.5,47.4,22.5,5.6,0,1.2,0,0,1.5
136,E14000665,Devizes,54.1,25,10.8,4.3,2.7,0,0,3,60.4,31.7,16.1,6.9,5,0,0,7.4,47.7,19.5,6.4,2.3,1.2,0,0,0.7
137,E14000666,Dewsbury,42.1,52.3,4,0,1.5,0,0,0,48,59.4,6.8,0,3.4,0,0,0,36.1,45.4,2,0,0.5,0,0,0
138,E14000667,Don Valley,42,48.5,4,0,0,0,0,5.6,49.5,55.4,6.9,0,0,0,0,12.6,34.5,41.6,2,0,0,0,0,1.6
139,E14000668,Doncaster Central,37.7,54.7,4.3,0,0,0,0,3.2,44.6,61.9,7.4,0,0,0,0,9.3,30.4,47.6,2.3,0,0,0,0,0.6
140,E14000669,Doncaster North,28.8,55.5,2.9,10.8,0,0,0,2,35.1,62.4,5.3,16,0,0,0,6,22.5,49.1,1.5,6.9,0,0,0,0.5
141,E14000670,Dover,43.9,42,4.4,7.9,1.9,0,0,0,49.4,48.3,7.8,11.3,3.6,0,0,0,37.5,36.1,2.3,4.9,0.8,0,0,0
142,E14000671,Dudley North,40.7,47.4,2,8.1,1.8,0,0,0,47.9,54.5,3.7,12.7,3.7,0,0,0,33.7,40.3,0.9,4.3,0.7,0,0,0
143,E14000672,Dudley South,46.4,40,2.7,8.3,2.6,0,0,0,52.6,47.8,5.2,12.9,5,0,0,0,40,33.4,1.3,4.6,1.1,0,0,0
144,E14000673,Dulwich and West Norwood,22.2,61.2,10.5,0,4.4,0,0,1.7,27.1,68.7,16.1,0,7.9,0,0,5.9,17.6,54.1,5.9,0,2,0,0,0.3
145,E14000674,Ealing Central and Acton,35.4,57.9,6.7,0,0,0,0,0,40.9,64.6,11.4,0,0,0,0,0,29,51.3,3.5,0,0,0,0,0
146,E14000675,Ealing North,32.8,56.1,5.1,3.7,2.3,0,0,0,39.2,63.4,9.2,6.3,4.6,0,0,0,26.4,48.2,2.6,1.8,0.8,0,0,0
147,E14000676,"Ealing, Southall",21.9,65.7,5.6,2.7,2.5,0,0,1.6,27.2,72.6,9.4,4.8,5.1,0,0,5.4,17.2,58.3,3,1.2,1,0,0,0.2
148,E14000677,Easington,25.9,59,3.1,6.4,1.7,0,0,3.9,32.2,65.6,5.8,10.3,3.7,0,0,11.8,19.6,51.6,1.5,3.4,0.5,0,0,1
149,E14000678,East Devon,33.9,10.3,4.4,3.1,0,0,0,48.4,43.2,16.1,7.6,5.8,0,0,0,61.7,24.6,5.8,2.2,1.4,0,0,0,35.6
150,E14000679,East Ham,16.8,71.9,4,3.5,2.6,0,0,1.2,22.4,79.4,7.6,5.8,5.6,0,0,4.9,11.5,63.1,1.8,1.7,1,0,0,0.1
151,E14000680,East Hampshire,60.6,21.4,13.4,0,2.3,0,0,2.2,66.2,27.5,18.6,0,4.3,0,0,6,54.7,15.8,9.3,0,1,0,0,0.5
152,E14000681,East Surrey,57.8,17.6,12,4.9,1.7,0,0,6,64.7,23.1,17.1,7.9,3.5,0,0,14.7,48.3,12.5,7.5,2.7,0.7,0,0,1.6
153,E14000682,East Worthing and Shoreham,49.7,31.2,7.8,6.2,2.2,0,0,2.9,55.7,37.8,11.7,9.9,4.3,0,0,8.2,43.4,25.5,5,3.6,1,0,0,0.6
154,E14000683,East Yorkshire,50.4,32.5,6.1,6.9,2.9,0,0,1.3,56.5,38.4,10.3,9.9,5.5,0,0,4.3,44.6,26.5,3.3,4.3,1.3,0,0,0.2
155,E14000684,Eastbourne,43.5,13.8,41.2,0,1.5,0,0,0,49.1,20.5,48.9,0,3.2,0,0,0,38.8,8.5,33.3,0,0.5,0,0,0
156,E14000685,Eastleigh,47.9,16.7,29.2,4.5,1.7,0,0,0,53.4,21.7,36.6,6.9,3.2,0,0,0,41.9,12,23.1,2.4,0.6,0,0,0
157,E14000686,Eddisbury,50.2,33.1,7.6,4.4,1.8,0,0,2.9,56.6,40.2,12,7,3.5,0,0,8.4,43.3,26.9,4.4,2.6,0.8,0,0,0.4
158,E14000687,Edmonton,26.8,60.2,5.5,5.2,2.3,0,0,0,32.6,67.1,10.8,8.8,4.8,0,0,0,21.8,52.3,2.5,2.7,1,0,0,0
159,E14000688,Ellesmere Port and Neston,40.2,50.9,3.1,4.3,1.5,0,0,0,46.3,57.8,5.4,6.6,3.4,0,0,0,33.4,44.6,1.4,2.3,0.6,0,0,0
160,E14000689,Elmet and Rothwell,50.6,38.2,5.8,0,1.9,0,0,3.5,57,45.5,9.7,0,3.9,0,0,9.8,43.9,30.9,3,0,0.7,0,0,0.6
161,E14000690,Eltham,43.7,51.1,3.8,0,0,0,0,1.4,49.7,57.2,6.6,0,0,0,0,5.6,37.8,45.1,1.9,0,0,0,0,0.1
162,E14000691,Enfield North,39.4,49.7,4.3,4.3,2.3,0,0,0,44.7,56.6,7.7,6.8,4.7,0,0,0,34.1,43.4,2,2.3,0.9,0,0,0
163,E14000692,"Enfield, Southgate",44.3,46.3,7,0,2.4,0,0,0,50.2,53.2,11.9,0,5,0,0,0,38.6,39.5,3.7,0,0.9,0,0,0
164,E14000693,Epping Forest,54.6,27.4,7.9,6.5,2,0,0,1.6,61.6,34.6,12.1,10.2,4.1,0,0,5.4,47.1,20.7,4.8,3.6,0.9,0,0,0.2
165,E14000694,Epsom and Ewell,59.7,25.9,11.7,0,2.7,0,0,0,66.4,32.8,18.5,0,5.2,0,0,0,53.1,19.9,7.1,0,1.2,0,0,0
166,E14000695,Erewash,46.4,46.3,3.1,0,2.1,0,0,2.1,53,54,5.5,0,4.6,0,0,6.6,39.4,38.8,1.5,0,0.9,0,0,0.4
167,E14000696,Erith and Thamesmead,30.5,53.5,4,7.5,2.4,0,0,2.1,36.9,60.3,8.2,11.3,5.1,0,0,6.3,24.2,46.4,1.8,4.6,1,0,0,0.3
168,E14000697,Esher and Walton,54.3,19.5,17.8,3.3,2.5,0,0,2.7,60.4,26.1,24.5,5.5,5,0,0,8.6,48.1,13.8,12.4,1.7,1.1,0,0,0.5
169,E14000698,Exeter,34.3,58,3.4,0,3.2,0,0,1.2,40,64.1,5.7,0,5.9,0,0,4.1,29.2,52.1,1.7,0,1.4,0,0,0.2
170,E14000699,Fareham,57.6,24.3,10.9,5,2.2,0,0,0,63.6,29.5,16,7.4,4.4,0,0,0,51.8,18.8,6.8,2.8,1,0,0,0
171,E14000700,Faversham and Mid Kent,54.1,27.1,9.5,6.1,3.3,0,0,0,61.4,33.4,14.4,9.5,6.1,0,0,0,46,21,5.9,3.4,1.5,0,0,0
172,E14000701,Feltham and Heston,34.3,51.9,5.8,5.8,2.3,0,0,0,40.5,58.7,10.2,8.7,5,0,0,0,28.1,44.8,3,3.6,1.1,0,0,0
173,E14000702,Filton and Bradley Stoke,46.8,42.7,8.1,0,2.4,0,0,0,53.2,50,12.9,0,5.2,0,0,0,39.8,35.8,4.3,0,1,0,0,0
174,E14000703,Finchley and Golders Green,37.5,48.1,10.2,2.1,2,0,0,0,44.2,56,16.9,3.9,4.5,0,0,0,30.9,40.2,6.1,1,0.7,0,0,0
175,E14000704,Folkestone and Hythe,50.4,27.1,8.1,8.1,4.3,0,0,1.9,57.4,33.7,12.7,11.8,7.6,0,0,5.4,44.3,20.7,4.8,4.9,2.3,0,0,0.3
176,E14000705,Forest of Dean,49.3,36.1,4.5,5.2,2.3,0,0,2.7,56.1,42.9,7.5,8.5,4.3,0,0,8.9,41.8,30.1,2.2,2.8,1,0,0,0.4
177,E14000706,Fylde,57.7,33.1,6.5,0,2.7,0,0,0,64.2,41.5,11.1,0,5.5,0,0,0,49.9,26.4,3.5,0,1,0,0,0
178,E14000707,Gainsborough,59.2,31.9,6.5,0,2.4,0,0,0,64.2,38.9,9.7,0,4.6,0,0,0,52.7,26,4,0,1,0,0,0
179,E14000708,Garston and Halewood,22.5,71.6,3.3,0,2.7,0,0,0,27.7,77.7,5.7,0,5.4,0,0,0,17.5,64.5,1.4,0,1.1,0,0,0
180,E14000709,Gateshead,25.7,58,5.3,8.2,2.8,0,0,0,32.7,64.9,9.4,12.2,5.6,0,0,0,19.3,50.5,2.8,4.7,1.2,0,0,0
181,E14000710,Gedling,38.2,50.5,4.3,5.3,1.7,0,0,0,44.2,57.3,7.5,8.1,3.8,0,0,0,33.2,43.8,2.4,2.9,0.6,0,0,0
182,E14000711,Gillingham and Rainham,51,34.5,4.5,6.6,2.2,0,0,1.2,57.7,41.1,7.1,10.4,4.4,0,0,3.7,43.6,28.6,2.5,3.9,0.9,0,0,0.1
183,E14000712,Gloucester,46.2,38,5.9,5.7,1.8,0,0,2.2,53.6,45,10.1,9,3.6,0,0,6.7,39.8,31.4,3.1,3.4,0.8,0,0,0.5
184,E14000713,Gosport,59.4,24.6,5.9,6.3,2.3,0,0,1.5,65.2,31.3,9.3,9.6,4.4,0,0,4.4,53.4,18.9,3.1,3.7,1.1,0,0,0.1
185,E14000714,Grantham and Stamford,54.3,28.6,5.3,4.7,2.1,0,0,5,61.1,35.7,8.8,7.5,4.5,0,0,12.4,46.1,22.3,3,2.2,0.8,0,0,1.4
186,E14000715,Gravesham,47,38.7,4.7,5.8,2.3,0,0,1.4,55,45.7,9,9.2,4.6,0,0,5,39,31.7,2.2,3.1,1,0,0,0.2
187,E14000716,Great Grimsby,36.1,47.6,2.5,10.7,0,0,0,3,44.3,55,4.8,17.3,0,0,0,10.1,28.7,40.6,1.2,6.2,0,0,0,0.5
188,E14000717,Great Yarmouth,50.2,36.3,3.1,8.7,1.7,0,0,0,56.2,42.1,5.6,13.1,3.6,0,0,0,43.9,30.9,1.5,5.4,0.6,0,0,0
189,E14000718,Greenwich and Woolwich,27.9,58.2,10,0,3.9,0,0,0,33.9,65.1,15.6,0,7.4,0,0,0,22.3,51.4,5.9,0,1.8,0,0,0
190,E14000719,Guildford,49.1,21.5,25.2,0,1.9,0,0,2.2,56,27.8,34.3,0,4.3,0,0,7.1,42,15.9,17.6,0,0.8,0,0,0.5
191,E14000720,Hackney North and Stoke Newington,14.5,69.9,8.7,0,5.4,0,0,1.6,19.6,77.1,14.3,0,9.4,0,0,5.9,10.1,60.9,4.8,0,2.3,0,0,0.2
192,E14000721,Hackney South and Shoreditch,12,60.2,4.2,0,3.9,0,0,19.6,16.9,71.1,7.7,0,7.8,0,0,37.9,7.5,47.3,1.9,0,1.6,0,0,7.9
193,E14000722,Halesowen and Rowley Regis,47.3,40.6,2.2,6.4,1.8,0,0,1.6,53.9,47.2,4.1,10,3.7,0,0,5.5,40.8,34,1.1,3.4,0.7,0,0,0.3
194,E14000723,Halifax,45.3,44.6,4.8,5.3,0,0,0,0,51.2,51,8,8.5,0,0,0,0,39.7,38.2,2.4,2.8,0,0,0,0
195,E14000724,Haltemprice and Howden,54.4,31.2,6.8,0,1.9,0,0,5.7,61.3,39.1,11.7,0,4.3,0,0,14.1,46.9,24.3,3.9,0,0.7,0,0,1.4
196,E14000725,Halton,25.3,64.4,3.1,5.4,0,0,0,1.8,31.8,70.3,6.5,8.5,0,0,0,6.4,19.7,58.3,1.2,2.9,0,0,0,0.3
197,E14000726,Hammersmith,32.9,54.7,6.5,2.7,1.7,0,0,1.4,39,61.8,10.8,4.8,3.5,0,0,5,27.1,47.4,3.5,1.4,0.6,0,0,0.2
198,E14000727,Hampstead and Kilburn,35.3,51.5,8.5,0,2.3,0,0,2.3,41.4,59.1,13.2,0,4.9,0,0,7,29,43.7,5,0,0.9,0,0,0.4
199,E14000728,Harborough,54.4,27.8,10.4,4.7,2.8,0,0,0,60.3,34,15.3,7.8,5.2,0,0,0,47.7,21.9,6.5,2.4,1.2,0,0,0
200,E14000729,Harlow,49.9,36.8,4.5,6.8,2,0,0,0,56.8,43.5,7.2,10.5,4.1,0,0,0,42.9,30.8,2.4,3.4,0.8,0,0,0
201,E14000730,Harrogate and Knaresborough,56.7,22.6,19.1,0,0,0,0,1.7,62,28.8,25.9,0,0,0,0,4.7,51,16.9,13.4,0,0,0,0,0.4
202,E14000731,Harrow East,48.3,43.6,5.1,0,3.1,0,0,0,53.8,49.8,8.7,0,6.3,0,0,0,43.1,37.3,2.6,0,1.2,0,0,0
203,E14000732,Harrow West,40.6,49.5,5.1,2.9,2,0,0,0,46.2,55.9,8.5,5.1,4.8,0,0,0,34.9,42.5,2.7,1.4,0.7,0,0,0
204,E14000733,Hartlepool,34.5,50.1,3.6,11.8,0,0,0,0,42.3,56.5,6.5,18.3,0,0,0,0,28.2,43.6,1.7,6.6,0,0,0,0
205,E14000734,Harwich and North Essex,46.5,33.2,8.3,6.8,2.7,0,0,2.5,54.1,40.4,12.5,11,5.6,0,0,7.8,38.6,26.1,5.1,3.8,1.1,0,0,0.4
206,E14000735,Hastings and Rye,39.9,48.3,4.4,5.5,0,0,0,1.9,46.2,54.5,7.3,8.5,0,0,0,6.1,34.3,41.8,2.3,3.3,0,0,0,0.3
207,E14000736,Havant,54.5,27.7,6.8,6.9,2.5,0,0,1.7,61.4,34.8,11,10.5,4.5,0,0,5.7,47.2,20.5,3.7,3.7,1.1,0,0,0.2
208,E14000737,Hayes and Harlington,29.1,58.5,4,5.9,2.5,0,0,0,35.4,65.1,7.1,9.5,5.6,0,0,0,23,50.6,1.8,3.3,1,0,0,0
209,E14000738,Hazel Grove,45.6,20.4,32.5,0,1.5,0,0,0,53.2,26.5,40.8,0,3.4,0,0,0,38.2,14.8,24.9,0,0.6,0,0,0
210,E14000739,Hemel Hempstead,58,32.6,6.6,0,2.9,0,0,0,63.2,38.5,10.5,0,5.5,0,0,0,52,27.5,3.6,0,1.3,0,0,0
211,E14000740,Hemsworth,33.7,54.1,3.5,7,0,0,0,1.7,40.5,62,6,10.7,0,0,0,5.5,27.2,46.6,1.8,4.1,0,0,0,0.3
212,E14000741,Hendon,40,46.3,8.9,2.7,2.2,0,0,0,46.3,53.1,14.7,4.6,4.9,0,0,0,33.4,39,4.7,1.4,0.7,0,0,0
213,E14000742,Henley,51.4,24.1,16.6,3.9,2.4,0,0,1.7,57.7,31.3,22.8,6.7,4.4,0,0,5.2,44.6,17.9,11.2,2,1,0,0,0.3
214,E14000743,Hereford and South Herefordshire,53.6,24.5,7.5,5.5,3.2,0,0,5.7,60.5,30,12.5,9.1,6,0,0,13.4,46.5,18.9,3.6,2.9,1.5,0,0,1.6
215,E14000744,Hertford and Stortford,54,34.8,8.2,0,3,0,0,0,61.7,42.7,13.1,0,5.6,0,0,0,46.3,27,4.7,0,1.5,0,0,0
216,E14000745,Hertsmere,58.1,29,7.2,4.1,1.6,0,0,0,64.5,35.1,11.6,6.3,3.6,0,0,0,50.9,23.1,3.5,2.4,0.5,0,0,0
217,E14000746,Hexham,52.6,30.9,10.4,3.8,2.3,0,0,0,58.7,37.2,15.3,6.3,4.5,0,0,0,46.7,25.1,6.4,2.1,1,0,0,0
218,E14000747,Heywood and Middleton,32.6,48.4,4,15.1,0,0,0,0,40.5,54.4,6.5,21.7,0,0,0,0,25,42.1,2.2,10.1,0,0,0,0
219,E14000748,High Peak,45,50.3,4.6,0,0,0,0,0,51.3,57.3,8.3,0,0,0,0,0,38.9,43.7,2.2,0,0,0,0,0
220,E14000749,Hitchin and Harpenden,48.1,34.1,12.2,0,2,0,0,3.7,55.3,41.5,19.4,0,3.8,0,0,9.5,41,27.3,7.1,0,0.9,0,0,0.8
221,E14000750,Holborn and St Pancras,22.1,60.6,8.1,2.7,4.7,0,0,1.8,27.3,67.4,13.4,4.3,8.2,0,0,5.5,17.6,52.1,4.7,1.3,2.2,0,0,0.4
222,E14000751,Hornchurch and Upminster,53.5,30,3.8,9.1,2.2,0,0,1.3,61,36.2,6.4,13.7,4.2,0,0,4.4,46.7,24.1,2,4.6,1,0,0,0.2
223,E14000752,Hornsey and Wood Green,10.9,64.3,20,1.3,1.9,0,0,1.6,14.8,72.4,26.8,2.4,3.7,0,0,4.6,7.7,56.8,13.4,0.6,0.8,0,0,0.3
224,E14000753,Horsham,53.8,21.9,14,4.9,2.2,0,0,3.1,59.9,29.1,20.1,8.2,4.1,0,0,9,45.8,16.3,8.8,2.8,1,0,0,0.7
225,E14000754,Houghton and Sunderland South,29.3,55.5,2.9,8.2,2.3,0,0,1.8,36.4,63.1,5,13,5,0,0,5.7,23.1,48.6,1.4,5,0.9,0,0,0.3
226,E14000755,Hove,35.1,53.4,6,0,2.6,0,0,2.9,40.5,60.7,10.1,0,5.3,0,0,7.4,30.2,47.2,3.1,0,1,0,0,0.8
227,E14000756,Huddersfield,35.7,52.5,6,0,3.4,0,0,2.4,43,59.9,10.4,0,6.8,0,0,7.6,29.4,43.8,2.9,0,1.6,0,0,0.3
228,E14000757,Huntingdon,52,30.5,9,5.9,2.5,0,0,0,58.9,37.9,15.2,9.2,5,0,0,0,44.8,24.1,5.2,3.5,1,0,0,0
229,E14000758,Hyndburn,40.3,47.5,3.8,8.4,0,0,0,0,47.1,54.2,6.7,12.7,0,0,0,0,32.6,40.6,2,5.1,0,0,0,0
230,E14000759,Ilford North,41.6,54,3.3,0,0,0,0,1.1,47.4,61.1,5.8,0,0,0,0,4,36.1,47.5,1.5,0,0,0,0,0.2
231,E14000760,Ilford South,27.6,60.8,4,3.4,2.7,0,0,1.4,32.8,67.9,7.4,5.8,6.1,0,0,5,22.2,53.2,1.9,1.7,1.2,0,0,0.1
232,E14000761,Ipswich,39.6,46.9,4.4,5.1,2.3,0,0,1.6,46.8,55.4,7.5,8.4,4.3,0,0,5.4,32.2,39.1,2.3,3.2,1,0,0,0.3
233,E14000762,Isle of Wight,45.3,26,7.1,6.1,13.2,0,0,2.3,51,31.2,10.5,9.3,18.6,0,0,6.4,38.6,20.7,4.2,3.4,8.5,0,0,0.5
234,E14000763,Islington North,15.7,65.3,10,2.4,3.7,0,0,2.8,19.7,72.3,15.4,4.6,6.5,0,0,7.9,12.1,57.5,6.2,1.2,1.7,0,0,0.6
235,E14000764,Islington South and Finsbury,19.4,59.6,12.6,3.7,4.7,0,0,0,25.7,66.6,18.3,6.3,8.7,0,0,0,14.7,52.5,8.2,2,1.9,0,0,0
236,E14000765,Jarrow,28.8,57.9,3.6,7.6,2.1,0,0,0,35,64.5,6.5,12.1,4.6,0,0,0,23.1,50.5,1.7,4.3,0.8,0,0,0
237,E14000766,Keighley,38.3,48.6,4.2,4.5,2,0,0,2.5,44.8,55.6,7.3,7.2,4.1,0,0,7.3,31.2,42.2,2.1,2.5,0.7,0,0,0.5
238,E14000767,Kenilworth and Southam,56.7,25.7,10.8,4.3,2.4,0,0,0,62.6,31.1,16,7,4.4,0,0,0,50.2,20.3,6.3,2.5,1.1,0,0,0
239,E14000768,Kensington,42.7,42.8,9.4,0,2.9,0,0,2.2,49.6,51.4,15.2,0,6.4,0,0,7,35.3,35.9,5,0,1.1,0,0,0.4
240,E14000769,Kettering,59.8,32.3,3.9,0,4,0,0,0,65.8,38.7,6.6,0,7.5,0,0,0,53.9,26.9,1.8,0,1.8,0,0,0
241,E14000770,Kingston and Surbiton,35.1,16.6,41.8,2.5,2.4,0,0,1.5,41.1,22.7,49.9,4,4.8,0,0,4.3,29.1,11.6,33.8,1.3,1.1,0,0,0.3
242,E14000771,Kingston upon Hull East,28.2,55.7,3.6,10.1,2.4,0,0,0,35.2,62.9,6.7,14.9,5.3,0,0,0,22.8,48.3,1.7,6.1,0.8,0,0,0
243,E14000772,Kingston upon Hull North,24.7,61.7,4.8,6.3,2.6,0,0,0,30.4,68.5,7.9,9.7,5.2,0,0,0,18.6,55.2,2.6,3.3,1,0,0,0
244,E14000773,Kingston upon Hull West and Hessle,28.5,50.6,5.1,8.9,2.6,0,0,4.3,36.5,59.2,8.8,13.7,5.6,0,0,11.2,21.5,41.2,2.5,5.2,1,0,0,0.7
245,E14000774,Kingswood,51.9,37.9,6.3,0,3.9,0,0,0,58.1,46,10.7,0,7.4,0,0,0,45.7,30.5,3.4,0,1.7,0,0,0
246,E14000775,Knowsley,15.9,73.3,2.9,5.6,2.2,0,0,0,21.6,79.2,5.4,9.2,4.6,0,0,0,11.3,65.7,1.4,2.9,0.9,0,0,0
247,E14000776,Lancaster and Fleetwood,43.1,51.5,3.4,0,2,0,0,0,48.4,57.9,6.1,0,4.1,0,0,0,37.6,44.8,1.6,0,0.8,0,0,0
248,E14000777,Leeds Central,20,68.2,2.5,5,3,0,0,1.3,25.9,74.2,4.4,7.9,6.2,0,0,4.9,14.5,62.4,1.2,2.5,1.4,0,0,0.2
249,E14000778,Leeds East,29.2,55.3,3.3,7.7,1.9,0,0,2.6,36.7,62.6,6.4,12.1,4,0,0,9.2,22.8,47.3,1.5,4.1,0.7,0,0,0.5
250,E14000779,Leeds North East,35.3,54.5,6.6,0,2,0,0,1.6,40.4,61,10.2,0,3.8,0,0,5.4,30.2,47.1,4.1,0,0.8,0,0,0.2
251,E14000780,Leeds North West,22,44.6,30.8,0,2.6,0,0,0,28.8,53.5,39.7,0,5,0,0,0,15.6,35.9,23,0,1.1,0,0,0
252,E14000781,Leeds West,26.1,59.9,3.1,5.6,2.8,0,0,2.5,32.3,66,5.5,9.1,5.2,0,0,8.2,21,53,1.5,2.7,1.2,0,0,0.4
253,E14000782,Leicester East,30.3,57.4,2.9,0,3.5,0,0,5.8,37.6,66.2,5.6,0,8.3,0,0,17,22.9,48.2,1.3,0,1.1,0,0,1.3
254,E14000783,Leicester South,26.6,66.3,3.6,0,3.5,0,0,0,33.1,73.6,6.7,0,6.9,0,0,0,21.3,58.5,1.5,0,1.6,0,0,0
255,E14000784,Leicester West,30,54.2,3.7,6.9,2.9,0,0,2.1,37.7,61.8,6.9,10.7,5.8,0,0,7.5,23.8,46.1,1.7,4.1,1.3,0,0,0.3
256,E14000785,Leigh,34,56.4,2.4,7.2,0,0,0,0,40.2,63,4.5,11.2,0,0,0,0,28,49.5,1.1,4.1,0,0,0,0
257,E14000786,Lewes,43.5,14.9,41.6,0,0,0,0,0,48.5,20.6,48.7,0,0,0,0,0,37.5,10.4,35,0,0,0,0,0
258,E14000787,Lewisham East,25.9,58.3,7.2,3.7,2.7,0,0,2.3,31.8,66.4,12.4,6.2,5.5,0,0,8.7,20,49.4,3.6,1.6,1.1,0,0,0.4
259,E14000788,Lewisham West and Penge,25.6,58.8,8.5,3,2.6,0,0,1.5,30.3,65.8,13.3,5.2,4.9,0,0,4.9,20.7,51.4,5,1.3,1,0,0,0.2
260,E14000789,"Lewisham, Deptford",17.2,67.3,8.2,0,5.1,0,0,2.2,20.9,73.9,13.2,0,9.3,0,0,7.1,13.1,60.3,4.7,0,2.6,0,0,0.5
261,E14000790,Leyton and Wanstead,24.2,62.9,9.1,0,3.8,0,0,0,29.6,70.1,14.5,0,6.5,0,0,0,19,55.7,5.4,0,1.9,0,0,0
262,E14000791,Lichfield,63.1,25.7,8.5,0,2.7,0,0,0,69.1,32.3,13.3,0,5.2,0,0,0,57.1,19.5,5.3,0,1.1,0,0,0
263,E14000792,Lincoln,38.6,46.3,4.5,4.5,3,0,0,3,45.8,53.6,7.8,8,6,0,0,8.7,32.5,39.2,2.3,2.3,1.2,0,0,0.6
264,E14000793,"Liverpool, Riverside",13.2,74.3,5.7,0,6.8,0,0,0,18.6,80.5,9.3,0,11.8,0,0,0,9.4,67.3,2.8,0,3.4,0,0,0
265,E14000794,"Liverpool, Walton",16.2,75,2.5,0,2.6,0,0,3.7,21.9,82,5.5,0,5.6,0,0,12.9,10.6,66.2,1.1,0,1,0,0,0.6
266,E14000795,"Liverpool, Wavertree",14.2,77.2,5.2,0,1.8,0,0,1.5,18.7,83.3,8.7,0,3.9,0,0,4.5,10.3,71.2,2.7,0,0.7,0,0,0.3
267,E14000796,"Liverpool, West Derby",17.2,75.2,3.6,0,1.9,0,0,2.1,23.4,81.5,6.4,0,4.1,0,0,7.9,12.3,66.1,1.7,0,0.8,0,0,0.3
268,E14000797,Loughborough,46.9,41.8,5.3,3.2,2.8,0,0,0,53.7,49.7,9.8,5.3,5.1,0,0,0,38.4,34.5,2.5,1.4,1.3,0,0,0
269,E14000798,Louth and Horncastle,56.7,31.6,3.6,6.2,0,0,0,1.9,62.7,37.9,6.4,9.7,0,0,0,5.7,50.5,25.6,1.7,3.5,0,0,0,0.4
270,E14000799,Ludlow,63,23.4,10.7,0,2.8,0,0,0,68.2,29.8,15.9,0,4.9,0,0,0,57,18,6.7,0,1.3,0,0,0
271,E14000800,Luton North,35.5,58.1,3.4,0,3,0,0,0,40.8,63.9,6.5,0,6.2,0,0,0,30.4,51.5,1.6,0,1.1,0,0,0
272,E14000801,Luton South,33.1,49.7,5.6,4.9,2.5,0,0,4.2,40.8,57.6,10.5,8.1,5.4,0,0,11.9,25.6,40.1,2.6,2.5,1,0,0,0.8
273,E14000802,Macclesfield,49.4,36.5,5.8,0,1.9,0,0,6.4,56.7,43.9,9.5,0,3.9,0,0,15.3,41.8,29.7,3.2,0,0.6,0,0,1.8
274,E14000803,Maidenhead,61.1,21.3,10.3,3,2,0,0,2.2,67.1,27.1,15.2,5,4.2,0,0,7.3,54.2,16.8,6.2,1.4,0.9,0,0,0.3
275,E14000804,Maidstone and The Weald,44,23,23.5,5.9,1.8,0,0,1.8,51.8,31.7,32,9.6,3.3,0,0,6.4,36.9,15,16.7,3.4,0.7,0,0,0.2
276,E14000805,Makerfield,34.1,59.4,3.4,0,0,0,0,3.1,40.5,66,6.2,0,0,0,0,8.6,27.5,52.7,1.5,0,0,0,0,0.6
277,E14000806,Maldon,61.1,25.5,4.6,5.4,1.7,0,0,1.8,67.3,32.3,8.1,8.4,3.4,0,0,5.4,53.7,19.4,2.3,2.9,0.7,0,0,0.3
278,E14000807,Manchester Central,18,66.7,3.7,4.7,4.1,0,0,2.8,23.2,73.6,6.6,8.3,7.9,0,0,7.8,13.1,59.3,1.9,2.4,1.8,0,0,0.5
279,E14000808,"Manchester, Gorton",14.2,65.1,4.6,4,8.1,0,0,3.9,19.3,72.9,7.5,7.2,16.5,0,0,11.8,10.1,55.5,2.4,2,4,0,0,0.9
280,E14000809,"Manchester, Withington",9.8,66.4,19.9,0,2.5,0,0,1.5,13.1,74.2,28.4,0,4.7,0,0,5.4,6.8,56.9,14.1,0,1.1,0,0,0.2
281,E14000810,Mansfield,40.8,47.2,3,7.4,0,0,0,1.5,48,53.7,5.8,11.3,0,0,0,4.9,34.3,40.5,1.5,4.6,0,0,0,0.2
282,E14000811,Meon Valley,59.9,20.4,11.5,5.6,2.6,0,0,0,66.2,26.8,16.3,8.6,4.7,0,0,0,53.8,14.8,7.7,3.7,1.3,0,0,0
283,E14000812,Meriden,52.5,30.3,7.3,7.6,2.3,0,0,0,58.6,37.5,11.5,11.3,4.5,0,0,0,45.9,24.2,4.3,4.6,0.9,0,0,0
284,E14000813,Mid Bedfordshire,53.5,33,7.9,0,1.9,0,0,3.8,60.4,40.6,12.5,0,4.1,0,0,9.2,45,25.3,4.1,0,0.8,0,0,0.8
285,E14000814,Mid Derbyshire,53.6,38.1,5.8,0,2.5,0,0,0,59.5,44.8,9.4,0,5,0,0,0,47.3,31.6,3,0,1.1,0,0,0
286,E14000815,Mid Dorset and North Poole,52.9,17.1,30,0,0,0,0,0,58.9,24.4,37.3,0,0,0,0,0,46.6,11.9,23.4,0,0,0,0,0
287,E14000816,Mid Norfolk,54.5,30.2,6.8,6.4,2.2,0,0,0,60.9,36.8,10.8,9.7,4.6,0,0,0,47.5,24.4,3.8,3.9,0.9,0,0,0
288,E14000817,Mid Sussex,51.8,26.3,14.7,3.7,1.9,0,0,1.5,57.6,33.3,20.6,6,4.1,0,0,4.9,45.7,19.9,9.6,2,0.7,0,0,0.2
289,E14000818,Mid Worcestershire,56.1,26.6,7.4,6.9,3.1,0,0,0,62.5,33.4,11.7,10.4,5.4,0,0,0,48.9,20.6,4,4,1.4,0,0,0
290,E14000819,Middlesbrough,25.6,59.2,2.7,7.7,3.3,0,0,1.5,32.8,66.6,5.1,12,7,0,0,6.5,19.5,51,1.1,4.2,1.4,0,0,0.2
291,E14000820,Middlesbrough South and East Cleveland,49.2,47.3,3.5,0,0,0,0,0,55.3,53.4,6.3,0,0,0,0,0,43,41.1,1.8,0,0,0,0,0
292,E14000821,Milton Keynes North,45.9,39.4,6.2,4.4,1.9,0,0,2.1,52.8,45.8,10,6.7,3.9,0,0,7,39.2,32.5,3.4,2.4,0.7,0,0,0.3
293,E14000822,Milton Keynes South,46,41.5,6,4.2,2.2,0,0,0,52.3,49.5,9.7,6.5,4.5,0,0,0,39.8,34,3.5,2.2,1,0,0,0
294,E14000823,Mitcham and Morden,24.9,61.4,5.2,4,3.3,0,0,1.3,30.7,68.4,9.3,6.7,7.1,0,0,3.9,19.8,53.6,2.6,2.1,1.2,0,0,0.2
295,E14000824,Mole Valley,56.8,14.5,22.2,3.8,2.7,0,0,0,63.7,20.4,29.6,6.2,4.6,0,0,0,47.9,9.6,15.9,2.1,1.3,0,0,0
296,E14000825,Morecambe and Lunesdale,47,40.8,5.1,4.9,2.2,0,0,0,54.3,48.3,9,7.6,4.5,0,0,0,39.4,34.1,2.6,2.4,0.9,0,0,0
297,E14000826,Morley and Outwood,49.1,46.7,4.2,0,0,0,0,0,56.3,53.9,7.4,0,0,0,0,0,42.6,39.2,2,0,0,0,0,0
298,E14000827,New Forest East,59.3,19.9,18.6,0,2.2,0,0,0,65.7,26.7,25.8,0,4.3,0,0,0,51,14.2,12.1,0,0.9,0,0,0
299,E14000828,New Forest West,64.2,19.6,9.3,0,3.3,0,0,3.5,69.7,24.7,14.2,0,6.4,0,0,9,57.4,14.7,5.6,0,1.5,0,0,0.9
300,E14000829,Newark,53.2,36.4,6.5,4,0,0,0,0,59.1,44.4,10.9,6.1,0,0,0,0,46.1,29.4,3.3,2.3,0,0,0,0
301,E14000830,Newbury,57,14.2,23.2,0,2,0,0,3.6,63.3,19.2,31,0,3.8,0,0,9.4,49.4,9.8,17.1,0,0.9,0,0,1.1
302,E14000831,Newcastle upon Tyne Central,24.5,62.5,5.8,5,2.2,0,0,0,30.5,69.3,9.1,7.9,4.1,0,0,0,19.4,55.5,3.3,2.8,0.8,0,0,0
303,E14000832,Newcastle upon Tyne East,25.5,59.2,7.6,4.2,3.5,0,0,0,31.9,66.1,11.2,6.7,6.6,0,0,0,19.5,51.4,4.5,2.2,1.5,0,0,0
304,E14000833,Newcastle upon Tyne North,30.5,53.7,6,6.4,1.8,0,0,1.6,36.3,60.5,9.5,10.2,4,0,0,5.3,25.7,46.3,3.3,3.6,0.7,0,0,0.2
305,E14000834,Newcastle-under-Lyme,45.4,50.6,4,0,0,0,0,0,52,57.3,6.8,0,0,0,0,0,38.8,44,2,0,0,0,0,0
306,E14000835,Newton Abbot,49.8,18.6,29.5,0,2.1,0,0,0,56.1,25,37.5,0,3.9,0,0,0,43.9,13.3,22.7,0,0.8,0,0,0
307,E14000836,"Normanton, Pontefract and Castleford",30.6,56.4,2.5,7.9,0,0,0,2.5,37.7,62.6,4.7,12,0,0,0,7.2,24.2,49.1,1.1,4.4,0,0,0,0.4
308,E14000837,North Cornwall,43.6,18.7,34.6,0,0,0,0,3.1,51.2,26.2,43.8,0,0,0,0,7.4,35.7,12.3,26.5,0,0,0,0,0.6
309,E14000838,North Devon,43.8,16.6,32.2,5.5,1.8,0,0,0,49.9,23,41.4,9.1,3.7,0,0,0,37,10.4,24.8,3.1,0.8,0,0,0
310,E14000839,North Dorset,57.2,21.7,18,0,3.1,0,0,0,63.5,28.8,25,0,5.8,0,0,0,49.8,15.3,12,0,1.5,0,0,0
311,E14000840,North Durham,28.6,61.4,4.5,5.5,0,0,0,0,33.9,67.9,7.4,8.9,0,0,0,0,23,54.9,2.3,2.9,0,0,0,0
312,E14000841,North East Bedfordshire,58.2,27.3,7.2,5.3,2,0,0,0,64.4,34.8,11.4,8.2,3.8,0,0,0,50.8,21.8,4.2,2.9,0.8,0,0,0
313,E14000842,North East Cambridgeshire,57.6,25.5,4.7,7.3,2.4,0,0,2.5,64,32.2,7.6,11.1,4.6,0,0,7.8,50.9,20.3,2.6,4.1,1.2,0,0,0.5
314,E14000843,North East Derbyshire,42.7,45.6,3.8,5.9,2,0,0,0,49.2,51.9,6.5,9.5,4.3,0,0,0,36.6,39,1.8,3.4,0.8,0,0,0
315,E14000844,North East Hampshire,57.3,15.9,20.7,3.1,1.6,0,0,1.4,64.7,21.3,28.6,5.2,3.4,0,0,4.3,49.4,11.2,14,1.8,0.6,0,0,0.2
316,E14000845,North East Hertfordshire,60.3,30,7.1,0,2.6,0,0,0,66.7,36.7,11.8,0,4.8,0,0,0,53.2,23.5,3.9,0,1.1,0,0,0
317,E14000846,North East Somerset,49.1,34,11.6,0,2.3,0,0,2.9,55.4,40.8,17.2,0,4.3,0,0,8.6,42.6,27.6,7.4,0,1.1,0,0,0.5
318,E14000847,North Herefordshire,58.8,21.4,11.3,0,3.5,0,0,5.1,65,28,17.4,0,6.4,0,0,12.6,51,15.7,6.6,0,1.7,0,0,1.4
319,E14000848,North Norfolk,41.7,17.4,40.9,0,0,0,0,0,48.7,24.4,48.9,0,0,0,0,0,35.4,11.7,32.9,0,0,0,0,0
320,E14000849,North Shropshire,54.7,35,6.3,0,3.9,0,0,0,61.4,42.1,10.2,0,6.9,0,0,0,48.7,28.7,3.5,0,1.8,0,0,0
321,E14000850,North Somerset,51.2,25.7,11.4,0,3.2,0,0,8.5,57.5,31.9,16.8,0,5.6,0,0,16.8,44.6,19.9,7.2,0,1.6,0,0,2.9
322,E14000851,North Swindon,52.3,34.9,4.8,5.1,2.9,0,0,0,57.8,41.5,8.1,7.9,5.8,0,0,0,45.4,29,2.4,2.8,1.2,0,0,0
323,E14000852,North Thanet,51.9,28.8,5.3,10.3,2.3,0,0,1.4,59.3,35.1,8.9,15.8,4.7,0,0,4.6,44.9,23,2.6,6.5,1,0,0,0.2
324,E14000853,North Tyneside,31.5,56.8,3.9,5.7,2.1,0,0,0,36.8,63.2,6.4,8.9,4.3,0,0,0,26.1,50.1,2.2,3.1,0.7,0,0,0
325,E14000854,North Warwickshire,54.2,40.1,3.5,0,2.2,0,0,0,60.4,46.6,6.2,0,4.5,0,0,0,48.1,33.3,1.6,0,0.8,0,0,0
326,E14000855,North West Cambridgeshire,55.4,26.7,8.1,7.8,2,0,0,0,61.2,31.9,12.2,11.3,3.8,0,0,0,49.3,21.5,4.9,5.1,0.8,0,0,0
327,E14000856,North West Durham,33.5,51.4,6.6,6.4,2.1,0,0,0,39.4,58,11.6,8.9,3.9,0,0,0,28,44.9,3.6,4,0.9,0,0,0
328,E14000857,North West Hampshire,57.7,24.8,10.5,4.7,2.2,0,0,0,64.1,31.1,16.2,7.2,4.1,0,0,0,50.2,19.1,6.5,2.8,0.8,0,0,0
329,E14000858,North West Leicestershire,56.2,36,5.4,0,2.4,0,0,0,61.3,42.2,8.9,0,4.9,0,0,0,50.7,29.9,2.7,0,0.9,0,0,0
330,E14000859,North West Norfolk,54.3,33.5,4.7,5.4,2.1,0,0,0,60.7,40,8.2,8.5,3.7,0,0,0,47.8,27.7,2.4,2.7,0.9,0,0,0
331,E14000860,North Wiltshire,53.8,16.2,20.3,3.8,3.1,0,0,2.8,60.9,23.2,26.9,6.5,6,0,0,8,46.4,10.1,14.1,1.9,1.3,0,0,0.4
332,E14000861,Northampton North,44.8,43.5,3.9,5.4,2.4,0,0,0,50.9,49.5,6.8,8.6,4.4,0,0,0,38.2,37.8,2,2.8,1,0,0,0
333,E14000862,Northampton South,43.7,40.1,4.5,9,2.7,0,0,0,51.4,47.8,8,13.6,5.3,0,0,0,37.1,33.5,2.4,5.7,1.2,0,0,0
334,E14000863,Norwich North,45.6,40.6,6.9,0,2.7,0,0,4.3,52.5,47.5,10.9,0,5,0,0,12.6,38.6,33.5,4,0,1.3,0,0,0.8
335,E14000864,Norwich South,26.3,62.8,7.1,0,3.8,0,0,0,31,69.8,12.2,0,6.8,0,0,0,21.6,55.3,3.8,0,1.7,0,0,0
336,E14000865,Nottingham East,21.3,65.4,3.1,3.9,3.9,0,0,2.4,27.2,72.2,5.7,6.6,7.4,0,0,8.5,16.6,57.9,1.6,2,1.6,0,0,0.3
337,E14000866,Nottingham North,29.6,59,2,7.3,2.1,0,0,0,36.8,66.2,3.7,11.2,4,0,0,0,23.5,52.2,0.8,4.3,0.8,0,0,0
338,E14000867,Nottingham South,30.4,56.7,5.8,4.3,2.7,0,0,0,37.7,63.6,9.9,7.1,5.5,0,0,0,24,48.4,2.9,1.9,1.1,0,0,0
339,E14000868,Nuneaton,45.9,41.8,4.1,6,2.2,0,0,0,51.8,48.8,7.2,9.2,4.4,0,0,0,38.6,35.4,2.1,3.1,0.9,0,0,0
340,E14000869,Old Bexley and Sidcup,53.3,29.2,5.7,6.8,2.8,0,0,2.2,61.1,36.6,10.5,11,5.6,0,0,6.9,44.9,22,2.7,3.4,1.2,0,0,0.3
341,E14000870,Oldham East and Saddleworth,35.6,50.6,6,7.8,0,0,0,0,42.8,58.4,9.8,12.1,0,0,0,0,29.2,43.8,3.2,4.5,0,0,0,0
342,E14000871,Oldham West and Royton,28.3,57.3,3.3,9,2.1,0,0,0,34.9,63.9,5.6,13.5,4.4,0,0,0,22.7,51,1.8,5.5,0.8,0,0,0
343,E14000872,Orpington,59.7,23.6,8.2,6,2.6,0,0,0,65.5,30.3,12,9.3,4.9,0,0,0,53,18,4.6,3.1,1,0,0,0
344,E14000873,Oxford East,20.8,60.4,10.1,0,5,0,0,3.7,25.7,67.6,15.4,0,9.2,0,0,10.3,15.8,53,6,0,2.5,0,0,0.8
345,E14000874,Oxford West and Abingdon,41.2,16.7,39.5,2.7,0,0,0,0,47.2,22.5,47.8,4.7,0,0,0,0,35.1,11.6,32.3,1.3,0,0,0,0
346,E14000875,Pendle,48.8,39.7,3.7,0,1.8,0,0,6,56.1,46.7,6.7,0,4,0,0,15.9,41.3,32.2,2,0,0.7,0,0,1.4
347,E14000876,Penistone and Stocksbridge,42.5,44.6,5.5,7.5,0,0,0,0,49.1,51.1,8.8,12.1,0,0,0,0,35.8,38.3,3.1,4,0,0,0,0
348,E14000877,Penrith and The Border,57.6,22.4,8.5,4.5,2.4,0,0,4.5,63.7,28.3,13.6,7.6,4.5,0,0,11.5,50.7,17.1,4.7,2.6,1,0,0,1.1
349,E14000878,Peterborough,46.6,45.6,5.4,0,2.4,0,0,0,53.1,52.4,8.9,0,4.7,0,0,0,40.4,38.6,3,0,0.9,0,0,0
350,E14000879,"Plymouth, Moor View",48,39.3,3.3,7.2,2.1,0,0,0,54.9,45.7,5.7,11.8,4.5,0,0,0,40.6,33.6,1.7,4.1,0.8,0,0,0
351,E14000880,"Plymouth, Sutton and Devonport",36.1,50.7,4.5,4.1,3.2,0,0,1.4,42.4,58.1,7.6,6.9,5.9,0,0,4.6,29.8,44.1,2.3,2.1,1.4,0,0,0.2
352,E14000881,Poole,51.8,25.2,13.6,0,3.2,0,0,6.2,58.6,33.8,19.8,0,6.1,0,0,14.3,43.2,17.5,8.6,0,1.4,0,0,2
353,E14000882,Poplar and Limehouse,23.2,60.3,8.4,2.9,3.3,0,0,1.9,28.2,68.1,13.5,5.3,6.8,0,0,5.8,18.7,52.8,4.7,1.5,1.3,0,0,0.3
354,E14000883,Portsmouth North,48.6,33.7,6.6,7.3,2.2,0,0,1.7,55.3,40.8,10.7,11.5,4.6,0,0,6.2,41.7,27.9,3.6,4.3,0.8,0,0,0.3
355,E14000884,Portsmouth South,35.9,35.4,20.8,4.8,3.1,0,0,0,41.6,44,28.4,8,6.6,0,0,0,30.1,27.8,14.1,2.3,1.2,0,0,0
356,E14000885,Preston,27.9,56.8,4.9,7.1,3.2,0,0,0,34.4,63.8,8.6,11.7,6.5,0,0,0,21.9,49.2,2.5,4,1.3,0,0,0
357,E14000886,Pudsey,45.4,47.4,4.5,0,0,0,0,2.6,51.6,54.3,8,0,0,0,0,8,39.1,40.6,2.3,0,0,0,0,0.4
358,E14000887,Putney,42.7,40.8,9.9,2.3,2.7,0,0,1.6,49.1,47.9,14.9,3.9,5.1,0,0,5,36.6,33.5,5.7,1.2,1.3,0,0,0.2
359,E14000888,Rayleigh and Wickford,58.8,24.7,4.7,9,2.8,0,0,0,65.5,31.6,8.2,13.8,5.1,0,0,0,51.4,18.4,2.1,5.4,1.4,0,0,0
360,E14000889,Reading East,41,45.2,9,0,2.6,0,0,2.2,47.2,52.7,13.6,0,4.9,0,0,7.2,35.1,38.2,5.7,0,1.1,0,0,0.4
361,E14000890,Reading West,51.3,40.5,6,0,2.2,0,0,0,56.8,47.2,9.4,0,4.3,0,0,0,45.2,34.9,3.6,0,0.9,0,0,0
362,E14000891,Redcar,27.4,51.2,13.4,8,0,0,0,0,33.7,59.7,19.5,12.2,0,0,0,0,21.5,42.8,8.5,4.9,0,0,0,0
363,E14000892,Redditch,45.6,35,5.1,6.9,2.2,0,0,5.3,51.6,41.8,8.9,11.5,4.1,0,0,13,39.4,28.1,2.4,3.9,1,0,0,1.2
364,E14000893,Reigate,52.7,26,11.6,5.9,3.8,0,0,0,59,32.9,16.8,9.9,6.6,0,0,0,45.2,19.7,7.4,3.6,1.8,0,0,0
365,E14000894,Ribble Valley,55.8,35.4,6.1,0,2.7,0,0,0,61.6,42.2,9.9,0,5.4,0,0,0,50.1,28.4,3,0,1.1,0,0,0
366,E14000895,Richmond (Yorks),55,26.8,9.9,0,2.8,0,0,5.4,61.9,33.4,15.1,0,5.7,0,0,12.4,47.5,20.9,6.1,0,1.3,0,0,1.6
367,E14000896,Richmond Park,42.4,14.8,41,1.8,0,0,0,0,49.4,21.5,49.9,2.8,0,0,0,0,35.4,9.5,32.5,0.8,0,0,0,0
368,E14000897,Rochdale,27.1,50.1,5.3,9.4,0,0,0,8.1,35,58,8.6,15.4,0,0,0,17.5,20.6,41.7,2.7,5.6,0,0,0,2.2
369,E14000898,Rochester and Strood,49.1,31.7,4,10.7,2.2,0,0,2.3,58.4,39.5,7,16.4,4.1,0,0,8.2,40.8,24.2,1.9,6.2,0.9,0,0,0.4
370,E14000899,Rochford and Southend East,45.7,32,4.8,6.6,2.7,0,0,8.2,53.5,39.7,8.1,11,5.1,0,0,16,38.3,25.6,2.6,3.2,1.1,0,0,2.8
371,E14000900,Romford,58.1,26.1,4.5,9,2.2,0,0,0,64.4,32.4,7.9,14.1,5,0,0,0,51.4,21,2.3,5,0.8,0,0,0
372,E14000901,Romsey and Southampton North,52.1,20.5,21.6,0,2.4,0,0,3.4,58.8,26.8,29.6,0,4.8,0,0,9.7,45.1,15.3,14.6,0,1.1,0,0,0.7
373,E14000902,Rossendale and Darwen,51.8,43.5,3,0,1.7,0,0,0,57.8,49.9,5.8,0,3.2,0,0,0,45.2,37.9,1.3,0,0.7,0,0,0
374,E14000903,Rother Valley,37.7,45.9,4.2,10.5,1.7,0,0,0,44.6,52.3,7.5,16.2,3.7,0,0,0,30.7,38.7,2.3,6.5,0.6,0,0,0
375,E14000904,Rotherham,28.2,53.9,3.2,8.7,0,0,0,6,36,60.6,6.1,14.2,0,0,0,14.8,21.1,45.4,1.5,4.3,0,0,0,1.3
376,E14000905,Rugby,55.7,34.4,6.3,0,3.6,0,0,0,62.3,41.2,10,0,7.2,0,0,0,49.9,27.6,3.6,0,1.6,0,0,0
377,E14000906,"Ruislip, Northwood and Pinner",55.4,27.8,10.1,4.2,2.5,0,0,0,62.2,34.3,16.1,6.7,5.1,0,0,0,47.9,21.8,5.5,2.4,1,0,0,0
378,E14000907,Runnymede and Weybridge,55.5,27.7,9.9,4.2,2.6,0,0,0,62.2,35,15.8,6.4,4.9,0,0,0,47.9,21.1,5.2,2.4,1.1,0,0,0
379,E14000908,Rushcliffe,44.9,38.8,8.2,4.7,3.5,0,0,0,51.1,45.6,12.6,7.3,6.1,0,0,0,38.3,32.5,5.1,2.7,1.8,0,0,0
380,E14000909,Rutland and Melton,52.5,25.8,9.7,8.3,3.7,0,0,0,59,32.2,14.9,13.7,6.8,0,0,0,45.4,19.1,5.6,5,1.9,0,0,0
381,E14000910,Saffron Walden,60.3,21.8,13.3,4.5,0,0,0,0,67.1,28.4,19.3,7.3,0,0,0,0,53.9,16.3,8.6,2.2,0,0,0,0
382,E14000911,Salford and Eccles,28.5,58.7,3.9,6.5,2.5,0,0,0,34.5,65.9,6.5,10,4.7,0,0,0,22.9,52,2,3.6,0.9,0,0,0
383,E14000912,Salisbury,55.6,25.1,11.2,3.7,2.7,0,0,1.6,62.4,32.1,17.1,5.7,5.4,0,0,4.6,48.6,18.7,6.6,2.2,1.1,0,0,0.2
384,E14000913,Scarborough and Whitby,43.9,41,4,6,2.2,0,0,2.9,49.8,47.5,6.3,8.7,4.1,0,0,8,37.4,34.2,2.1,3.5,1,0,0,0.5
385,E14000914,Scunthorpe,45.8,51.7,2.5,0,0,0,0,0,52.8,58.8,4.5,0,0,0,0,0,38.6,44.6,1.1,0,0,0,0,0
386,E14000915,Sedgefield,35.7,51.1,4.6,6.9,1.6,0,0,0,41.4,57.6,7.9,10.9,3.2,0,0,0,30.3,45.2,2.3,3.9,0.7,0,0,0
387,E14000916,Sefton Central,36.8,57.3,4.4,0,1.6,0,0,0,42.4,63.1,7.5,0,3.4,0,0,0,31.2,51,2,0,0.6,0,0,0
388,E14000917,Selby and Ainsty,52.5,36.7,5.8,5.1,0,0,0,0,58.9,43,9.4,7.8,0,0,0,0,45.8,30.7,3.5,2.8,0,0,0,0
389,E14000918,Sevenoaks,56.3,23.4,11.6,6.3,2.5,0,0,0,62.8,30,16.7,10.1,4.7,0,0,0,48.8,17.1,7.6,3.4,1.1,0,0,0
390,E14000919,Sheffield Central,16.1,62.6,6.5,2.9,10.5,0,0,1.5,20.7,70,10.3,5.6,16,0,0,5.3,12.4,55.4,3.6,1.3,6.1,0,0,0.2
391,E14000920,Sheffield South East,27.8,56.5,4.5,9.3,0,0,0,1.9,35.1,64,8.1,14.2,0,0,0,6.8,20.8,48.4,2.3,5.4,0,0,0,0.3
392,E14000921,"Sheffield, Brightside and Hillsborough",21.9,64,2.6,7.7,2.2,0,0,1.6,27.6,69.9,4.3,11.8,4.7,0,0,5.4,16.5,57.4,1.2,4.6,0.7,0,0,0.2
393,E14000922,"Sheffield, Hallam",18.9,38.5,36.9,2.4,1.9,0,0,1.4,23.1,45.9,44.6,4,4.2,0,0,4.2,15,31.1,29.3,1.2,0.7,0,0,0.3
394,E14000923,"Sheffield, Heeley",24.8,54.8,6.1,7.6,3,0,0,3.6,30.7,62.1,9.3,11.6,5.8,0,0,9.8,19.4,47,3.5,5,1.3,0,0,0.7
395,E14000924,Sherwood,47.5,41.9,3.9,4.7,2,0,0,0,53,47.6,6.8,7.1,4.7,0,0,0,42.1,36,1.7,2.8,0.7,0,0,0
396,E14000925,Shipley,49.2,40.4,7.7,0,0,0,0,2.7,55.8,46.4,12.3,0,0,0,0,7.4,42.8,34.7,4.6,0,0,0,0,0.5
397,E14000926,Shrewsbury and Atcham,45.8,39,7.1,5.6,2.5,0,0,0,51.6,45.6,11.3,8.1,5.2,0,0,0,39.5,33.3,4,3.4,0.9,0,0,0
398,E14000927,Sittingbourne and Sheppey,56.5,31.7,5.3,0,2.3,0,0,4.2,63.2,38.6,8.8,0,4.2,0,0,12,49.2,25.3,2.7,0,0.9,0,0,0.8
399,E14000928,Skipton and Ripon,59.4,32,0,0,4.4,0,0,4.2,66.4,39.2,0,0,8.4,0,0,9.8,51.3,25.7,0,0,2.2,0,0,1.2
400,E14000929,Sleaford and North Hykeham,58.2,25.3,6.2,5.4,2.8,0,0,2,64.3,30.6,9.4,8.8,5.8,0,0,5.5,52.3,20,3.8,3.3,1.3,0,0,0.4
401,E14000930,Slough,35.2,52.9,6.1,4.5,0,0,0,1.3,40.8,59.1,11.6,6.9,0,0,0,4.5,29.7,46.1,2.7,2.6,0,0,0,0.2
402,E14000931,Solihull,48.9,18.7,26,4.4,2,0,0,0,56.2,25.2,33.2,6.9,4,0,0,0,42.2,12.9,19.3,2.7,0.8,0,0,0
403,E14000932,Somerton and Frome,50.7,19.2,20.7,0,3,0,0,6.4,56.7,26.5,27.3,0,5.3,0,0,13,43.4,13.4,14.7,0,1.4,0,0,2.3
404,E14000933,South Basildon and East Thurrock,49.6,30.8,3.4,12.3,2.3,0,0,1.7,56.6,38.4,6.3,18.5,5.1,0,0,5.9,41.8,24.2,1.5,7.1,0.9,0,0,0.2
405,E14000934,South Cambridgeshire,49.8,27.4,19.7,0,3,0,0,0,55.7,34.2,26,0,5.4,0,0,0,42.9,22.2,14.5,0,1.4,0,0,0
406,E14000935,South Derbyshire,56.5,36.7,4.8,0,2,0,0,0,63.1,44.3,7.8,0,4.4,0,0,0,49.3,30.1,2.5,0,0.8,0,0,0
407,E14000936,South Dorset,55,36.8,5.4,0,2.8,0,0,0,60.9,44,9.1,0,5.1,0,0,0,48.6,30.4,2.8,0,1.3,0,0,0
408,E14000937,South East Cambridgeshire,49.5,23,27.5,0,0,0,0,0,55.4,29.4,34.9,0,0,0,0,0,43.1,17.4,21.2,0,0,0,0,0
409,E14000938,South East Cornwall,53.2,24.5,19.6,0,2.7,0,0,0,59.3,31.6,26.2,0,5.1,0,0,0,46.2,17.9,14.3,0,1.2,0,0,0
410,E14000939,South Holland and The Deepings,66.2,19.8,3,7.2,2.3,0,0,1.6,72.7,24.8,5.3,10.8,4.3,0,0,5.1,59.3,15.1,1.5,4.4,1,0,0,0.3
411,E14000940,South Leicestershire,51.9,32.9,7.1,6.2,1.8,0,0,0,58.8,39.1,11.2,10.2,3.9,0,0,0,45.4,26.8,4.1,3.6,0.7,0,0,0
412,E14000941,South Norfolk,57.3,30.9,8.8,0,3.1,0,0,0,63.1,37.5,13.4,0,6.3,0,0,0,50.8,24.5,5.3,0,1.3,0,0,0
413,E14000942,South Northamptonshire,56,28.4,7.5,4.3,2.1,0,0,1.8,62,35.5,12.1,7,4.2,0,0,6.3,49.4,21.8,4.1,2.3,0.9,0,0,0.3
414,E14000943,South Ribble,47.3,37.6,4.8,4.7,1.8,0,0,3.8,53.6,44.1,7.6,7.7,3.9,0,0,10.8,40.9,31.3,2.5,2.2,0.8,0,0,0.9
415,E14000944,South Shields,29,54.3,3.6,9.7,3.4,0,0,0,34.5,61.3,6.6,15.4,6.5,0,0,0,23.2,47.4,1.7,5.9,1.5,0,0,0
416,E14000945,South Staffordshire,66.1,25.9,4.6,0,3.3,0,0,0,71.2,32.2,7.2,0,6,0,0,0,60.5,20.3,2.6,0,1.5,0,0,0
417,E14000946,South Suffolk,56.6,29.7,6.3,4.5,2.8,0,0,0,62.3,36.1,9.8,7.1,4.9,0,0,0,50.5,24.3,3.8,2.4,1.5,0,0,0
418,E14000947,South Swindon,39,48.8,4.5,5.3,2.4,0,0,0,46,55.9,7.3,8,4.6,0,0,0,32.5,41.6,2.4,3.2,1,0,0,0
419,E14000948,South Thanet,46.8,35.1,4.2,10.2,1.8,0,0,1.9,54.3,42.2,7.3,15.3,3.9,0,0,6,39.4,28.7,2.1,5.7,0.7,0,0,0.4
420,E14000949,South West Bedfordshire,55.1,33,6.7,0,2.6,0,0,2.6,61.5,39.1,11.4,0,5.2,0,0,6.8,48.8,27,3.6,0,1.2,0,0,0.6
421,E14000950,South West Devon,56,28.9,7.7,5.2,2.2,0,0,0,62.1,35.5,12.1,7.7,4.2,0,0,0,49.4,23,4.7,3.1,0.9,0,0,0
422,E14000951,South West Hertfordshire,50,29.6,13.6,4.4,2.4,0,0,0,57.6,36.3,19.6,7.3,4.7,0,0,0,42.8,23.6,8.8,2.5,1.1,0,0,0
423,E14000952,South West Norfolk,57.5,28.8,5.4,8.3,0,0,0,0,63.3,34.9,8.5,12.3,0,0,0,0,51.9,23.7,3.1,5,0,0,0,0
424,E14000953,South West Surrey,49.4,13.8,11.1,2.9,0,0,0,22.8,58.1,19.8,15.9,5.2,0,0,0,34.1,40.9,8.9,6.8,1.3,0,0,0,12.7
425,E14000954,South West Wiltshire,57.7,26.6,10.7,0,2.6,0,0,2.3,63.5,34.7,16.3,0,4.7,0,0,6.7,51.3,20.1,6.7,0,1.1,0,0,0.5
426,E14000955,"Southampton, Itchen",43.9,46.5,3.4,4.3,2,0,0,0,50,53.2,6.1,7.6,4,0,0,0,37.3,39.5,1.6,2,0.8,0,0,0
427,E14000956,"Southampton, Test",40.6,50.3,4.5,0,0,0,0,4.6,47.9,57.1,7.4,0,0,0,0,11.1,34.3,42.6,2.3,0,0,0,0,0.8
428,E14000957,Southend West,50.1,30.7,7.2,6.5,2.8,0,0,2.6,57.2,38.3,11.4,10,5.3,0,0,8.9,42.3,23,3.9,3.9,1.3,0,0,0.4
429,E14000958,Southport,37.3,27.4,29,6.3,0,0,0,0,44.3,35.2,36.9,9.6,0,0,0,0,31.4,20.4,21.2,3.6,0,0,0,0
430,E14000959,Spelthorne,50.7,31.6,7.7,7.3,2.6,0,0,0,58.1,41.7,12.5,10.9,5.2,0,0,0,42.9,25.1,4.5,4.3,1.1,0,0,0
431,E14000960,St Albans,45.6,27.4,24.5,0,2.5,0,0,0,53,35.3,33.2,0,5.1,0,0,0,37.9,20.2,16.8,0,1.1,0,0,0
432,E14000961,St Austell and Newquay,51.4,23.3,25.3,0,0,0,0,0,58,30,32.8,0,0,0,0,0,44.9,16.6,18.8,0,0,0,0,0
433,E14000962,St Helens North,28.7,60,2.8,6.2,2.3,0,0,0,35,66.6,5.6,9.8,4.7,0,0,0,22.6,51.9,1.3,3.4,0.9,0,0,0
434,E14000963,St Helens South and Whiston,24.5,63.9,4.6,5.1,1.8,0,0,0,30.6,70.8,7.7,8.3,3.5,0,0,0,19.5,55.9,2.4,2.6,0.8,0,0,0
435,E14000964,St Ives,41.9,17.2,40.9,0,0,0,0,0,47.9,24.2,49.1,0,0,0,0,0,35.2,11.7,32.3,0,0,0,0,0
436,E14000965,Stafford,51.9,40,5.4,0,2.8,0,0,0,58,46.4,9.2,0,5.4,0,0,0,45.5,34.4,2.9,0,1.2,0,0,0
437,E14000966,Staffordshire Moorlands,57.2,32.7,4.6,0,2.3,0,0,3.2,63.9,38.5,8,0,4.6,0,0,8.7,49.6,26.5,2.3,0,1,0,0,0.6
438,E14000967,Stalybridge and Hyde,39.4,54.4,3.4,0,2.9,0,0,0,45.7,60.6,5.7,0,5.9,0,0,0,32.4,47.8,1.7,0,1.1,0,0,0
439,E14000968,Stevenage,47.6,44.4,6,0,2,0,0,0,53.3,50.8,10.4,0,4,0,0,0,41.5,38.6,3.3,0,0.8,0,0,0
440,E14000969,Stockport,31.5,56.3,4.8,5.2,2.2,0,0,0,37.4,63.4,8.6,8,4.3,0,0,0,25.5,49.5,2.5,2.8,0.8,0,0,0
441,E14000970,Stockton North,38.7,49.8,2.5,7.4,1.5,0,0,0,46.1,58.5,4.4,11.2,3.3,0,0,0,31,42.1,1.2,4.1,0.5,0,0,0
442,E14000971,Stockton South,45,44.4,4.1,5,1.5,0,0,0,50.9,50.5,7,7.6,2.9,0,0,0,39.4,38.1,2,3.2,0.6,0,0,0
443,E14000972,Stoke-on-Trent Central,34.1,45,3.4,10.3,3.4,0,0,3.9,41.9,53,6.9,16.1,6.7,0,0,11.5,26.8,36.6,1.5,5.8,1.4,0,0,0.8
444,E14000973,Stoke-on-Trent North,46.6,47.2,2.9,0,3.3,0,0,0,54.2,54.8,5.6,0,7,0,0,0,39.6,39.6,1.3,0,1.2,0,0,0
445,E14000974,Stoke-on-Trent South,47.8,47.5,2.7,0,1.9,0,0,0,54.3,54.4,4.8,0,3.7,0,0,0,40.9,40.1,1.4,0,0.7,0,0,0
446,E14000975,Stone,56,28.4,7.5,6,2.1,0,0,0,62.5,35.4,12.1,9.3,4.3,0,0,0,48.9,22.1,4.4,3.3,0.9,0,0,0
447,E14000976,Stourbridge,45.5,40.2,4,7.6,2.7,0,0,0,52.4,46.9,7,12.1,5.7,0,0,0,39.6,34.2,2.1,4.5,1.1,0,0,0
448,E14000977,Stratford-on-Avon,62,22.6,11.2,0,2.3,0,0,2,67.9,28.8,16.5,0,4.7,0,0,5.9,55.3,17.5,7.5,0,0.9,0,0,0.4
449,E14000978,Streatham,20.6,60.9,12.9,2.1,3.5,0,0,0,25.8,68,18.8,3.9,6.6,0,0,0,16,54.3,7.9,0.9,1.4,0,0,0
450,E14000979,Stretford and Urmston,29.6,58.7,3.8,4.7,1.7,0,0,1.5,35.7,64.3,7.3,7.3,3.1,0,0,4.7,24.7,53.1,1.7,2.7,0.8,0,0,0.2
451,E14000980,Stroud,42.1,46.7,5.2,3.3,2.7,0,0,0,48.1,53.4,8.5,5.2,5.1,0,0,0,36.3,40.5,2.8,1.8,1.1,0,0,0
452,E14000981,Suffolk Coastal,52.5,32.1,8.2,0,3.3,0,0,3.9,57.9,39.8,12.8,0,6.2,0,0,9.3,45.9,25.5,4.6,0,1.4,0,0,1
453,E14000982,Sunderland Central,33.2,53.1,4.4,5.8,2,0,0,1.4,39.6,60.5,7.5,8.9,4.1,0,0,4,26.9,46.1,2.3,3.1,0.7,0,0,0.2
454,E14000983,Surrey Heath,67,17.9,12.2,0,2.9,0,0,0,72.3,23.7,17.3,0,5.1,0,0,0,60.4,13.4,7.9,0,1.4,0,0,0
455,E14000984,Sutton and Cheam,46.1,21,31,0,1.9,0,0,0,52.9,28.9,39.9,0,4.1,0,0,0,37.9,14.3,22.2,0,0.8,0,0,0
456,E14000985,Sutton Coldfield,53,33.5,6,0,3,0,0,4.5,59.4,40.1,9.4,0,6,0,0,10.7,46.7,27.2,3.3,0,1.3,0,0,1.2
457,E14000986,Tamworth,59.5,36.3,4.2,0,0,0,0,0,65.8,44.7,7.5,0,0,0,0,0,51.8,29.6,2.2,0,0,0,0,0
458,E14000987,Tatton,49.9,29.9,9.7,0,2.4,0,0,8,57.6,37.2,15.5,0,4.5,0,0,16.9,42.2,22.5,5.7,0,1,0,0,2.4
459,E14000988,Taunton Deane,49.6,17.9,26.4,3.9,2.2,0,0,0,55.8,24.1,32.5,6.5,4.1,0,0,0,43.6,12.6,20.4,2.2,0.9,0,0,0
460,E14000989,Telford,49,46.3,2.7,0,2,0,0,0,55.4,52.5,5.2,0,3.9,0,0,0,43.3,39.9,1.3,0,0.8,0,0,0
461,E14000990,Tewkesbury,51.2,26.9,13,5.2,3.7,0,0,0,58,33.5,18.4,8.9,6.3,0,0,0,44.5,20.9,8.4,2.9,2,0,0,0
462,E14000991,The Cotswolds,47.7,19.7,24.8,3.5,1.7,0,0,2.6,54.4,26.1,31.9,5.7,3.4,0,0,8.8,40.7,14,18.2,2.1,0.7,0,0,0.5
463,E14000992,The Wrekin,48.2,36.8,4.1,6.1,2.8,0,0,2.1,55.1,44.5,7.1,9.8,5.6,0,0,6.2,40.8,30.1,2.1,3.5,1.2,0,0,0.4
464,E14000993,Thirsk and Malton,54.5,28.2,7.5,5.4,2.1,0,0,2.2,61.1,34.9,11.4,8.9,4.2,0,0,5.9,47.4,22.3,4.5,3.3,1,0,0,0.5
465,E14000994,Thornbury and Yate,45.7,20.1,32.4,0,1.8,0,0,0,53.6,28.6,41.7,0,3.8,0,0,0,37.3,13.2,24.9,0,0.7,0,0,0
466,E14000995,Thurrock,37,45.4,2.5,15.1,0,0,0,0,44.5,53.8,4.9,22.6,0,0,0,0,30.1,37.4,1,9.7,0,0,0,0
467,E14000996,Tiverton and Honiton,61.8,26.5,8.7,0,2.9,0,0,0,67.1,32.7,12.7,0,4.9,0,0,0,56,21,5.3,0,1.4,0,0,0
468,E14000997,Tonbridge and Malling,56.6,25.4,10.4,5,2.6,0,0,0,62.4,32.4,15.7,7.7,4.8,0,0,0,49.8,18.7,6.5,2.8,1.2,0,0,0
469,E14000998,Tooting,32.4,56.3,7.8,1.7,1.8,0,0,0,38.3,63.6,13.1,3.2,3.7,0,0,0,26.2,49,4.2,0.7,0.7,0,0,0
470,E14000999,Torbay,47,18.9,26.8,5,2.4,0,0,0,54.3,26.2,34,8,4.8,0,0,0,40.9,13.2,19.6,2.8,1,0,0,0
471,E14001000,Torridge and West Devon,56.1,19.9,16.4,0,3.3,0,0,4.3,61.8,26.2,21.7,0,5.7,0,0,11.5,49.6,14.5,12.1,0,1.4,0,0,1
472,E14001001,Totnes,53.6,26.4,9.8,5,5.2,0,0,0,59.4,32.1,14.6,7.6,9.1,0,0,0,47.3,20.5,5.9,2.8,2.6,0,0,0
473,E14001002,Tottenham,14.4,71.4,7.4,2.8,4,0,0,0,19.2,78.6,12.2,4.7,7.9,0,0,0,10.3,63,3.8,1.4,1.8,0,0,0
474,E14001003,Truro and Falmouth,40.2,33.5,19.2,4.2,2.8,0,0,0,46.6,41,26.3,6.4,5.6,0,0,0,33.9,26,12.6,2.4,1.3,0,0,0
475,E14001004,Tunbridge Wells,55.1,25.5,10.3,4.2,2.6,0,0,2.3,60.7,31.2,15.5,6.8,5.3,0,0,7.1,48.3,19.5,6.2,2.2,1,0,0,0.5
476,E14001005,Twickenham,35.1,11.9,53,0,0,0,0,0,40.9,17.6,61.4,0,0,0,0,0,28.6,7.9,45.4,0,0,0,0,0
477,E14001006,Tynemouth,37.1,51.7,4,4.1,1.6,0,0,1.4,42.5,57.5,6.4,5.9,3.2,0,0,4.6,32,44.8,2.1,2.4,0.6,0,0,0.2
478,E14001007,Uxbridge and South Ruislip,48.7,38.1,5.8,5,2.4,0,0,0,55.9,47,9.8,7.9,4.8,0,0,0,41.2,30.5,3,2.7,1,0,0,0
479,E14001008,Vauxhall,20.7,54.6,17.4,0,3.9,0,0,3.4,26.5,62.6,25.3,0,7.2,0,0,9.8,15.9,45.1,11.5,0,1.7,0,0,0.7
480,E14001009,Wakefield,45.6,45.9,3.2,0,0,0,0,5.3,53.1,52.9,5.4,0,0,0,0,13.8,38.5,37.8,1.4,0,0,0,0,1.6
481,E14001010,Wallasey,28.1,61.2,2.9,5.9,2,0,0,0,32.8,66.3,4.8,9.8,4.3,0,0,0,23,56.4,1.5,3.4,0.8,0,0,0
482,E14001011,Walsall North,43.1,44.5,2.6,9.9,0,0,0,0,50.2,52.6,5,15,0,0,0,0,35.2,37.7,1.2,5.4,0,0,0,0
483,E14001012,Walsall South,38,52.1,2.8,7.1,0,0,0,0,44.7,58.4,5.6,11.7,0,0,0,0,31.5,45,1.2,3.8,0,0,0,0
484,E14001013,Walthamstow,19.3,71.2,4.9,0,4.6,0,0,0,24.2,77.6,8.4,0,9.2,0,0,0,15.4,64.3,2.5,0,2.1,0,0,0
485,E14001014,Wansbeck,31.3,56,4.7,5.9,2.1,0,0,0,37.1,62.5,8.5,9.1,4.3,0,0,0,26.1,49.3,2.2,3.5,0.9,0,0,0
486,E14001015,Wantage,51.4,24.8,17.2,4.1,2.5,0,0,0,57.1,31.1,24.2,6.2,4.8,0,0,0,45.6,19.2,11.8,2.2,1.2,0,0,0
487,E14001016,Warley,28.6,59.7,2.9,6.6,2.2,0,0,0,34.3,66.7,5.5,10.8,4.4,0,0,0,23,52.3,1.2,3.4,0.8,0,0,0
488,E14001017,Warrington North,33.7,54.7,3.5,5.8,2.3,0,0,0,39.9,61.2,6.3,9,4.7,0,0,0,27.5,48,1.8,3.2,1,0,0,0
489,E14001018,Warrington South,41,51.4,5.2,0,0,0,0,2.4,47,57.9,8.7,0,0,0,0,6.7,34.5,44.9,2.8,0,0,0,0,0.4
490,E14001019,Warwick and Leamington,42.9,43.4,5.9,4.1,3.6,0,0,0,48.9,49.7,9.7,6.7,6.6,0,0,0,37.1,37.1,3,2.3,1.6,0,0,0
491,E14001020,Washington and Sunderland West,29.3,56.6,3.2,8.3,2.5,0,0,0,36.1,63.1,6.5,13.2,5,0,0,0,23.4,49.8,1.5,4.8,1,0,0,0
492,E14001021,Watford,45.1,36.5,12.3,4.3,1.8,0,0,0,52.2,42.8,17.1,6.5,3.2,0,0,0,38.6,30,8,2.4,0.8,0,0,0
493,E14001022,Waveney,47.8,39.7,3.6,5.2,2.2,0,0,1.4,53.8,45.5,6,8.4,4.1,0,0,4.2,42.2,33.8,1.9,3.1,1,0,0,0.2
494,E14001023,Wealden,56.7,21.3,13.7,5.9,2.4,0,0,0,62.2,28,18.9,8.8,4.3,0,0,0,50.7,16.1,8.8,3.4,1.1,0,0,0
495,E14001024,Weaver Vale,45.9,46.4,6,0,1.7,0,0,0,50.8,53,9.9,0,3.4,0,0,0,40.1,40.8,3.2,0,0.8,0,0,0
496,E14001025,Wellingborough,51.1,35,4.1,6.6,3.1,0,0,0,58,41.3,6.6,10.4,6,0,0,0,44,28.7,2.2,3.7,1.4,0,0,0
497,E14001026,Wells,49.4,15.2,33.9,0,0,0,0,1.5,55.2,21.7,41.5,0,0,0,0,4.7,43.1,10.3,26.1,0,0,0,0,0.2
498,E14001027,Welwyn Hatfield,47.4,39.7,5.7,4.2,1.6,0,0,1.4,52.8,45.9,9.4,6.6,3.3,0,0,4.3,41.7,34,3.1,2.1,0.6,0,0,0.2
499,E14001028,Wentworth and Dearne,34.4,62.5,3.2,0,0,0,0,0,41.3,69.2,5.6,0,0,0,0,0,28.3,55.4,1.6,0,0,0,0,0
500,E14001029,West Bromwich East,42.3,50.2,2.6,0,2.3,0,0,2.6,50.2,58.5,5.3,0,4.9,0,0,9.1,33.7,41.7,1.1,0,0.9,0,0,0.4
501,E14001030,West Bromwich West,33.3,51.9,2.2,10.5,2,0,0,0,41.4,58.4,4.2,15.4,4.5,0,0,0,26.4,45.6,1,5.9,0.7,0,0,0
502,E14001031,West Dorset,49.5,18.8,28.7,0,3,0,0,0,55.1,25.3,35.1,0,5.9,0,0,0,43.6,13.1,22.7,0,1.3,0,0,0
503,E14001032,West Ham,19.4,68.1,4.4,3.8,3.4,0,0,1,25.1,75.2,7.9,6.5,6.5,0,0,3.7,14.6,59.7,2.1,2,1.4,0,0,0.1
504,E14001033,West Lancashire,38.8,53.6,3.8,0,1.9,0,0,1.9,45.4,61.4,7,0,4.1,0,0,6.5,32.7,45.7,1.9,0,0.8,0,0,0.3
505,E14001034,West Suffolk,51.7,28.8,7.4,9.1,3,0,0,0,59.2,36.1,12.1,13.9,5.8,0,0,0,43.6,21.7,3.8,5.8,1.3,0,0,0
506,E14001035,West Worcestershire,57.4,23.1,11,5.7,2.7,0,0,0,63,28.2,15.8,8.6,4.5,0,0,0,51.7,18.1,7.3,3.4,1.2,0,0,0
507,E14001036,Westminster North,33.9,56.9,5.4,0,2.3,0,0,1.5,41.7,65,9.7,0,5.1,0,0,6.2,26.7,48.6,2.7,0,0.8,0,0,0.1
508,E14001037,Westmorland and Lonsdale,36.6,16.8,44.7,0,0,0,0,1.9,43.8,25.2,53.9,0,0,0,0,6.9,29.3,10.7,35.4,0,0,0,0,0.2
509,E14001038,Weston-Super-Mare,50.2,31,9.6,5.8,3.5,0,0,0,56.4,37.1,14,9.1,6.3,0,0,0,44.1,25.2,5.9,3.2,1.8,0,0,0
510,E14001039,Wigan,30.9,56.2,3,7.3,2.7,0,0,0,37.4,63.6,5.8,10.7,5.2,0,0,0,24.6,48.5,1.4,4.4,1.1,0,0,0
511,E14001040,Wimbledon,41.9,36,16.8,2.4,2.9,0,0,0,47.6,43.2,24.3,4,5.3,0,0,0,36.3,29,11,1.2,1.3,0,0,0
512,E14001041,Winchester,43.1,14.7,36.6,2.2,2,0,0,1.3,50.4,20.8,45.4,3.9,4.1,0,0,4.6,36,10.1,28.3,1.2,0.9,0,0,0.3
513,E14001042,Windsor,55.3,26.6,16.1,0,2,0,0,0,62.8,33.9,23.8,0,4.1,0,0,0,47.2,20.6,10.5,0,0.7,0,0,0
514,E14001043,Wirral South,43.1,51.2,3.8,0,2,0,0,0,48.5,57.5,6.8,0,3.7,0,0,0,37.7,45.3,1.8,0,0.8,0,0,0
515,E14001044,Wirral West,44.9,50.3,3.8,0,1.1,0,0,0,51.4,57.3,6.7,0,2.5,0,0,0,38.4,43.9,1.9,0,0.4,0,0,0
516,E14001045,Witham,59.5,27.2,9.4,0,3.9,0,0,0,65.6,34.3,14.1,0,7.2,0,0,0,53.3,20.6,5.9,0,1.6,0,0,0
517,E14001046,Witney,57.7,19.4,16,4.1,2.8,0,0,0,63.2,25,22.4,7,5.1,0,0,0,50.8,14.8,11,2.3,1.2,0,0,0
518,E14001047,Woking,51.5,22.6,18.6,3.5,2.3,0,0,1.6,57.8,28.9,26.3,5.4,4.2,0,0,5.5,45.3,16.9,12.6,1.9,1,0,0,0.3
519,E14001048,Wokingham,54.7,25.3,18,0,2,0,0,0,60.4,31.2,24.7,0,3.9,0,0,0,48.2,19.5,13.1,0,0.7,0,0,0
520,E14001049,Wolverhampton North East,37,48.8,2.9,9.1,2.3,0,0,0,44.8,56,5.4,14.3,4.6,0,0,0,29.8,41.4,1.4,5,0.9,0,0,0
521,E14001050,Wolverhampton South East,33.2,53.2,1.8,9.9,2,0,0,0,41.3,61.4,3.6,14.9,4.6,0,0,0,26.1,45.8,0.7,5.5,0.6,0,0,0
522,E14001051,Wolverhampton South West,39.5,49.4,3.2,4.1,2.1,0,0,1.6,46.2,56.6,6.1,6.5,4.1,0,0,5.9,32.9,42.8,1.6,2.2,0.8,0,0,0.2
523,E14001052,Worcester,44.2,40.5,5.4,4.8,2.5,0,0,2.5,50.9,46.6,9.2,7.4,5,0,0,8.1,38.1,34.2,3.1,2.6,1.1,0,0,0.5
524,E14001053,Workington,37,52,3.2,5.7,0,0,0,2.1,42.8,58.4,5.6,8.8,0,0,0,6.2,30.6,45.6,1.6,2.9,0,0,0,0.3
525,E14001054,Worsley and Eccles South,43.1,51.7,3.2,0,2,0,0,0,49.3,59.2,5.9,0,4,0,0,0,36.4,45,1.6,0,0.8,0,0,0
526,E14001055,Worthing West,56.3,27.5,6.6,6,3.5,0,0,0,62.1,32.7,10.8,9,6,0,0,0,50.9,22.1,3.8,3.5,1.8,0,0,0
527,E14001056,Wycombe,43.7,32.1,16.7,4.7,2.7,0,0,0,51,39.9,24.2,8.2,5,0,0,0,36.7,24.6,10.9,2.6,1.1,0,0,0
528,E14001057,Wyre and Preston North,59.6,32.9,5.3,0,2.1,0,0,0,65.2,39.8,9.3,0,4.4,0,0,0,53.7,26,2.7,0,0.9,0,0,0
529,E14001058,Wyre Forest,55.8,28.9,5,7.3,3,0,0,0,62.6,35.8,8.9,11.8,5.9,0,0,0,48.4,22.5,2.4,3.7,1.4,0,0,0
530,E14001059,Wythenshawe and Sale East,32.6,53.2,4.8,5.1,2,0,0,2.3,38.8,59.5,8.5,7.7,4.1,0,0,6.8,27,46,2.4,2.8,0.8,0,0,0.3
531,E14001060,Yeovil,46.5,17.1,30.3,0,1.7,0,0,4.3,53.8,24.7,38.8,0,3.7,0,0,12.1,38.8,11.8,22.8,0,0.6,0,0,0.9
532,E14001061,York Central,30.7,63.2,6.1,0,0,0,0,0,36.4,69,9.7,0,0,0,0,0,25,56.6,3.2,0,0,0,0,0
533,E14001062,York Outer,49.2,32.4,16.2,0,2.1,0,0,0,56.3,39.4,22.8,0,4.1,0,0,0,42.6,25.4,11,0,0.9,0,0,0
534,W07000041,Ynys Mn,25.7,41.1,2.2,7.6,0,0,23.3,0,32.9,51.3,5.7,16.9,0,0,31.6,0,18.5,32.5,0.4,2.3,0,0,16.3,0
535,W07000042,Delyn,43.1,50.3,1.5,0,0,0,5.1,0,48.7,57.8,4.4,0,0,0,9,0,35.5,44.3,0.1,0,0,0,2.7,0
536,W07000043,Alyn and Deeside,38.9,49.9,2.7,4,0,0,4.5,0,46.4,57.8,7.3,11.2,0,0,8,0,31.2,42.4,0.6,0.4,0,0,2.3,0
537,W07000044,Wrexham,40.3,51.2,2,0,0,0,6.4,0,48.2,60,5.8,0,0,0,10.9,0,32.5,44,0.3,0,0,0,3.3,0
538,W07000045,Llanelli,19.6,50,2.3,10.1,0,0,18,0,27.1,60,7.1,20.1,0,0,24.9,0,13.3,40.9,0.4,4,0,0,11.3,0
539,W07000046,Gower,40.2,46,3.3,4.6,0,0,5.2,0.6,47,54.8,7.8,12.2,0,0,8.7,3,32.6,38.2,1.1,1.1,0,0,2.6,0
540,W07000047,Swansea West,27.8,57.9,3.4,0,1.5,0,4,5.4,35.5,67.6,7.7,0,4.9,0,7,17.9,19.7,48.3,0.9,0,0.2,0,1.6,0.7
541,W07000048,Swansea East,26.6,59.1,2.2,6.2,0.6,0,5.4,0,35.7,67.9,6.2,16,2.5,0,9.5,0,18.1,48.9,0.3,1.1,0,0,2.5,0
542,W07000049,Aberavon,23,59.3,5.7,4,0,0,8,0,31.1,69.1,14.4,13.8,0,0,12.9,0,16.2,50,1.6,0.5,0,0,4.7,0
543,W07000050,Cardiff Central,23.8,57.3,12.3,1.5,1.2,0,3.8,0,32.4,69.2,21.4,8,6.1,0,7.3,0,15.6,46.6,5.7,0,0,0,1.3,0
544,W07000051,Cardiff North,40.8,47.3,3.5,3.1,0,0,5.4,0,47.6,54.4,8,8,0,0,9.6,0,33.6,40.2,1.1,0.6,0,0,2.9,0
545,W07000052,Rhondda,14.7,55.7,2.5,5.5,0,0,21.6,0,21.3,65.6,8.3,12.6,0,0,31.1,0,8.8,45.2,0.4,1,0,0,13.9,0
546,W07000053,Torfaen,28.3,52.8,2.5,10.9,0,0,5.4,0,35.5,61.1,6.9,22.5,0,0,8.8,0,21,44,0.4,4.2,0,0,2.8,0
547,W07000054,Monmouth,49.1,33.8,6.7,4.9,0.9,0,4.6,0,57.1,40.2,12.9,11.7,3.2,0,8,0,41.1,26.1,2.8,1.3,0.1,0,2.2,0
548,W07000055,Newport East,27.7,48,5,14.3,0,0,4.2,0.8,36.7,56.2,10,29.2,0,0,7.2,4.5,18.6,38.1,1.7,5.4,0,0,2.1,0
549,W07000056,Newport West,31,45.5,2.7,14.9,1.9,0,4.1,0,39.3,53.1,6.9,28.5,5.2,0,6.5,0,21.5,37.8,0.8,7.3,0.3,0,2,0
550,W07000057,Arfon,20.7,40.9,1.7,0,0,0,36.8,0,28,52,5.7,0,0,0,47.6,0,14.3,31.1,0.2,0,0,0,26.5,0
551,W07000058,Aberconwy,44.5,42.9,4.2,0,0,0,8.4,0,50.8,51.8,10.5,0,0,0,13.9,0,36.6,36.1,1.1,0,0,0,4.3,0
552,W07000059,Clwyd West,46.2,41.5,3.2,0,0,0,9.1,0,52.7,49.3,8,0,0,0,14.3,0,39.4,34.2,0.7,0,0,0,4.8,0
553,W07000060,Vale of Clwyd,44.8,47.2,2,0,0,0,6.1,0,52.3,55.6,6.3,0,0,0,9.4,0,36.2,39.8,0.3,0,0,0,3,0
554,W07000061,Dwyfor Meirionnydd,27.6,24.8,9,3.3,0,0,35.4,0,35.9,36.5,19.7,9.8,0,0,45,0,20.1,15.1,2.8,0.3,0,0,24.6,0
555,W07000062,Clwyd South,37.4,49.3,2.3,4.4,0,0,6.5,0,44.5,57.8,6.2,13.3,0,0,10.2,0,29.5,41.5,0.4,0.4,0,0,3.3,0
556,W07000063,Montgomeryshire,46.4,17.4,29.9,0,0.9,0,5.5,0,55.1,25.3,43.2,0,3.2,0,10.3,0,36.6,10.4,20.3,0,0,0,2.7,0
557,W07000064,Ceredigion,18.4,22.1,32.9,3.1,2.2,0,19.7,1.7,27.6,31.9,46,10.2,7,0,28.5,9.2,10.7,14.1,22.7,0.5,0.3,0,12.3,0
558,W07000065,Preseli Pembrokeshire,39.8,43.4,3.8,5.7,0,0,6.6,0.8,46.8,51.2,8.9,12.6,0,0,12.1,4.1,32.7,36.1,0.9,1.9,0,0,3.4,0
559,W07000066,Carmarthen West and Pembrokeshire South,43.1,39.1,5.5,5.2,0,0,7.2,0,49.7,46.4,11.2,12.9,0,0,11.4,0,35.5,31.3,2,1.2,0,0,4.1,0
560,W07000067,Carmarthen East and Dinefwr,28.4,31.6,2.9,3.9,0,0,33.2,0,36,40.7,8.2,9.6,0,0,42.4,0,22.1,22.6,0.7,1,0,0,25,0
561,W07000068,Brecon and Radnorshire,40.4,16.3,36.2,2.9,0,0,4.2,0,49.3,24.3,47.9,8.4,0,0,7.6,0,31.9,9.1,26.7,0.6,0,0,2,0
562,W07000069,Neath,23.3,50.5,4,6.8,0,0,15.3,0,30.6,58.1,10.1,16.6,0,0,22.5,0,16.1,41.6,1.1,1.5,0,0,9.6,0
563,W07000070,Cynon Valley,14.6,46.6,6.8,17.9,0,0,14.1,0,21.6,56.2,16.5,32.3,0,0,20.7,0,8.2,34.2,2.1,7.2,0,0,9,0
564,W07000071,Merthyr Tydfil and Rhymney,19.8,61.4,2.4,9.5,0,0,6.8,0,29.2,68.7,7,22.3,0,0,11.3,0,12.1,52.3,0.3,1.6,0,0,3.3,0
565,W07000072,Blaenau Gwent,18.5,65.3,1.8,5.1,0,0,8.2,1.1,26.1,74.3,6.2,14.1,0,0,15.7,6.8,10.7,55.9,0.2,0.9,0,0,3.7,0
566,W07000073,Bridgend,39,46.7,1.8,5.1,0,0,6.4,1,46.9,54.9,5.4,13.5,0,0,10.1,5.8,31.6,39.4,0.3,0.9,0,0,3.7,0
567,W07000074,Ogmore,22.5,58.1,2.8,10.4,0,0,6.3,0,29.9,65.7,8.3,21.4,0,0,10.1,0,15.4,49.1,0.6,3.5,0,0,3.4,0
568,W07000075,Pontypridd,26.9,54.7,6.3,4.4,0,0,7.7,0,33.8,63.5,13.5,11,0,0,12.6,0,20.2,45.3,2,0.9,0,0,4.3,0
569,W07000076,Caerphilly,28.4,55.5,1.5,4,0.8,0,9.8,0,36.6,63.8,4,11.4,2.8,0,15.3,0,20.7,47,0.2,0.4,0,0,5.7,0
570,W07000077,Islwyn,22,53.5,6.2,12.1,0,0,6.3,0,28.9,62.2,16.3,23.9,0,0,10.4,0,14.6,43.1,2,4.6,0,0,3,0
571,W07000078,Vale of Glamorgan,44.6,41.9,3,3.1,0.6,0,6,0.7,51.1,48.6,7.2,8.5,2,0,9.5,3.2,37.5,35.9,0.8,0.6,0,0,3.2,0
572,W07000079,Cardiff West,27.8,57.1,4.1,2.9,0,0,8.1,0,34.4,65.4,9.3,7.9,0,0,12.2,0,21.7,49.2,1.3,0.3,0,0,4.5,0
573,W07000080,Cardiff South and Penarth,29.6,53.4,1.9,2.6,2.5,0,5.9,4.2,35.7,60.4,5.2,8.8,7.4,0,9.2,14.5,22.1,45.6,0.4,0.3,0.5,0,3.4,0.3
574,S14000001,Aberdeen North,18.9,26.9,5.1,0,0,41.2,0,8,26.5,35.5,10.3,0,0,50.2,0,25.3,12,19,2,0,0,30.4,0,1.1
575,S14000002,Aberdeen South,35.3,23.9,4.5,0,0,36.3,0,0,43,31.2,9.1,0,0,42.7,0,0,27.9,17.7,2,0,0,30.3,0,0
576,S14000003,Airdrie and Shotts,19.8,32.7,4.8,0,0,42.7,0,0,29.4,41.5,10.7,0,0,49.8,0,0,12.4,24,1.8,0,0,35.5,0,0
577,S14000004,Angus,35.5,15.8,3.4,0,0,45.3,0,0,42.6,22.4,7.3,0,0,51.9,0,0,29.5,9.8,1.2,0,0,38.9,0,0
578,S14000005,Argyll and Bute,31.1,16.2,18.2,0,0,34.5,0,0,40.3,24.3,26.4,0,0,41.9,0,0,23.6,9.6,11.6,0,0,27.8,0,0
579,S14000006,"Ayr, Carrick and Cumnock",33.6,24.6,3.3,0,0,38.5,0,0,40.2,31.9,7.2,0,0,44.6,0,0,26.8,17.9,1.1,0,0,32.1,0,0
580,S14000007,Banff and Buchan,39.2,11.9,2.6,0,0,46.3,0,0,46.7,17.7,6.2,0,0,54.5,0,0,32.8,7.1,0.9,0,0,39.1,0,0
581,S14000008,"Berwickshire, Roxburgh and Selkirk",46.1,14.4,7.6,0,0,32,0,0,52.8,20.3,13,0,0,37.9,0,0,39.3,9.1,3.9,0,0,26.6,0,0
582,S14000009,"Caithness, Sutherland and Easter Ross",26.9,13.9,25.4,0,0,33.7,0,0,37.2,20.4,36.8,0,0,40.4,0,0,18.9,8.7,16.4,0,0,26.6,0,0
583,S14000010,Central Ayrshire,28.9,26.4,3,0,0,41.6,0,0,37.3,34.9,7.2,0,0,48.3,0,0,21.5,18.8,0.8,0,0,35,0,0
584,S14000011,"Coatbridge, Chryston and Bellshill",23.1,32.1,2.5,0,0,42.4,0,0,32.9,40.4,6.4,0,0,48.6,0,0,14.7,23.8,0.7,0,0,33.7,0,0
585,S14000012,"Cumbernauld, Kilsyth and Kirkintilloch East",17.9,28.3,3.5,8.6,0,41.7,0,0,25.8,37.6,7.5,25.2,0,51.1,0,0,11.3,20.8,1.2,1.1,0,31.2,0,0
586,S14000013,Dumfries and Galloway,39.3,22.2,2.5,0,0,34.5,0,1.5,48,29.7,6.4,0,0,40.9,0,8.1,31.3,15.5,0.7,0,0,28.4,0,0
587,S14000014,"Dumfriesshire, Clydesdale and Tweeddale",48.2,14.7,3.7,0,0,33.3,0,0,55.9,20.8,7.6,0,0,40.5,0,0,41,9.1,1.4,0,0,27.1,0,0
588,S14000015,Dundee East,25.8,23.4,3,0,0,47.8,0,0,34.6,30.6,6.4,0,0,55.2,0,0,17.9,16.7,1,0,0,38.7,0,0
589,S14000016,Dundee West,16.6,30.7,3.9,0,0,44.5,0,4.4,24.2,40.2,8.7,0,0,52.9,0,15.6,10.5,23.3,1.4,0,0,34.6,0,0.3
590,S14000017,Dunfermline and West Fife,24.7,31.6,3.6,0,0,40.1,0,0,31.5,39.3,7.4,0,0,46,0,0,18.8,24.1,1.3,0,0,32.7,0,0
591,S14000018,East Dunbartonshire,14.4,12.8,41.4,0,0,31.4,0,0,21.3,19,52.8,0,0,37.8,0,0,9.3,7.2,32.2,0,0,24.4,0,0
592,S14000019,"East Kilbride, Strathaven and Lesmahagow",22.8,26.9,2.9,7.3,0,40.1,0,0,30.3,33.7,5.8,19.2,0,47.2,0,0,16.5,20.2,1,1.2,0,32,0,0
593,S14000020,East Lothian,33.5,27.8,3,0,0,34.7,0,1.1,41,35.9,5.5,0,0,39.9,0,6.6,27,20.3,1.1,0,0,29.2,0,0
594,S14000021,East Renfrewshire,37.4,25.7,3.2,0,0,33.7,0,0,47,33.5,8.2,0,0,40.1,0,0,30.1,19.1,0.8,0,0,27.7,0,0
595,S14000022,Edinburgh East,21,32.7,6.3,0,0,40,0,0,27.8,41,11.7,0,0,47,0,0,14.6,24.5,2.8,0,0,32.7,0,0
596,S14000023,Edinburgh North and Leith,24.7,28.9,4.7,0,7.5,34.2,0,0,31.1,36.2,8.8,0,15.3,40.3,0,0,19.3,21.3,2.2,0,1.6,28,0,0
597,S14000024,Edinburgh South,22.7,43.1,5,0,0,29.2,0,0,29.6,52.1,9.7,0,0,37.1,0,0,16.2,34.5,2.3,0,0,22.1,0,0
598,S14000025,Edinburgh South West,31.9,26.9,5.7,0,0,35.5,0,0,39.3,33.7,10,0,0,40.9,0,0,26.2,20.8,2.9,0,0,29.5,0,0
599,S14000026,Edinburgh West,17.9,15.1,36.6,0,0,29.2,0,1.1,24.7,22.7,46.9,0,0,35.6,0,6,11.8,9.8,27.2,0,0,23.4,0,0
600,S14000028,Falkirk,21.9,26.1,3.5,7.9,1.9,38.6,0,0,29.4,35,7.3,20.2,8.4,47.6,0,0,15.8,18.8,1.3,1.4,0,30.3,0,0
601,S14000029,Glasgow Central,15.4,33.7,5,0,0,45.9,0,0,23,43.2,10.1,0,0,54.6,0,0,9.5,24.4,1.8,0,0,37.9,0,0
602,S14000030,Glasgow East,21.6,28.4,2.6,5,0,38.9,0,3.5,32.3,38.7,7.9,16.4,0,48.8,0,17.3,13.6,18.2,0.7,0.1,0,28.9,0,0
603,S14000031,Glasgow North,19.4,27.5,3.9,0,9.3,39.9,0,0,29.3,37,8.2,0,21,49.1,0,0,12.4,19.2,1.1,0,2.1,30.9,0,0
604,S14000032,Glasgow North East,15.1,36.8,2.8,0,0,45.3,0,0,24.7,47,7.3,0,0,52.4,0,0,8.5,27.9,0.7,0,0,37.2,0,0
605,S14000033,Glasgow North West,19.4,34.5,2.3,0,0,43.7,0,0,26.9,42.7,5.2,0,0,50.1,0,0,14,27.1,0.7,0,0,36.7,0,0
606,S14000034,Glasgow South,17.1,32.7,5.3,0,0,44.9,0,0,23.5,40.3,10.6,0,0,50.8,0,0,11.4,25.6,2.1,0,0,38.6,0,0
607,S14000035,Glasgow South West,17.7,34.5,3.2,4.5,0,40.1,0,0,26.7,43.6,9.1,15.9,0,48.7,0,0,11.1,25.2,0.8,0.1,0,31.3,0,0
608,S14000036,Glenrothes,19.7,30.2,3.2,0,0,46.9,0,0,27.8,38.7,6.9,0,0,54.6,0,0,12.3,22.8,0.9,0,0,39.8,0,0
609,S14000037,Gordon,33.3,12.8,19,0,0,34.9,0,0,45.5,19.3,28.5,0,0,41.6,0,0,23.7,7.6,10.7,0,0,26.7,0,0
610,S14000038,Inverclyde,20,31.2,4.8,0,0,44.1,0,0,27.8,40.7,10.7,0,0,50.8,0,0,13.4,22.6,1.7,0,0,36.6,0,0
611,S14000039,"Inverness, Nairn, Badenoch and Strathspey",28,16.3,14,0,0,40.3,0,1.5,37.7,23.1,21.7,0,0,47.5,0,7.3,20,10.5,7.7,0,0,32.7,0,0
612,S14000040,Kilmarnock and Loudoun,28.5,26,2.7,0,0,42.9,0,0,36.8,33.6,6,0,0,49.3,0,0,22,19.1,0.8,0,0,36.5,0,0
613,S14000041,Kirkcaldy and Cowdenbeath,18.7,31.9,5.8,4.7,0,38.9,0,0,26.5,41,11.5,15,0,45.4,0,0,12.5,23.2,2.3,0.2,0,30.9,0,0
614,S14000042,Lanark and Hamilton East,27.6,25.6,3.4,5.2,0,38.2,0,0,35.3,33.5,7.4,16.2,0,46.1,0,0,20.7,17.9,1.1,0.5,0,31.6,0,0
615,S14000043,Linlithgow and East Falkirk,31.4,24.3,4.2,0,0,40,0,0,41.5,33.2,9.6,0,0,47.8,0,0,23.3,15.8,1.5,0,0,32.6,0,0
616,S14000044,Livingston,24.3,26.7,5.2,0,0,43.8,0,0,32.3,35.4,11.2,0,0,50.5,0,0,17.8,18.8,1.9,0,0,35.7,0,0
617,S14000045,Midlothian,25.5,28.9,5.6,0,0,40,0,0,32.9,36.4,11.2,0,0,46.6,0,0,19.1,22.7,2.7,0,0,33.3,0,0
618,S14000046,Moray,44.2,13,3,0,0,38.6,0,1.2,51.9,18.4,6.4,0,0,45.7,0,6,36.8,8.3,1.1,0,0,31.2,0,0
619,S14000047,Motherwell and Wishaw,21.9,29.2,2.8,3.6,0,42.5,0,0,31.3,38.4,7.3,12,0,50,0,0,14.1,20.8,0.8,0.2,0,34.4,0,0
620,S14000027,Na h-Eileanan an Iar,17.3,25.8,3.6,0,0,40,0,13.3,27.4,36.2,8.3,0,0,50.7,0,44.2,8.5,14.2,1.2,0,0,26.1,0,0.8
621,S14000048,North Ayrshire and Arran,29.5,27.9,4.1,0,0,38.4,0,0,37.6,36.3,9.1,0,0,45.2,0,0,22.3,20.9,1.6,0,0,31.1,0,0
622,S14000049,North East Fife,20.4,13,31.3,0,0,31.9,0,3.4,28.1,20,41.7,0,0,38.8,0,13.5,13.8,7.6,21.5,0,0,25,0,0.2
623,S14000050,Ochil and South Perthshire,42.5,19.9,2.8,0,0,34.8,0,0,52.2,26.7,6.2,0,0,40.8,0,0,34.5,13.4,0.8,0,0,28.1,0,0
624,S14000051,Orkney and Shetland,9.9,9,47.2,9.8,0,23.3,0,0.8,16.3,15.1,61.1,28.9,0,31.1,0,4.6,4.6,4.3,32.2,1.7,0,15.8,0,0
625,S14000052,Paisley and Renfrewshire North,28.8,26,4.4,0,0,40.9,0,0,39,34.2,9.3,0,0,47.4,0,0,20.6,18,1.7,0,0,34.3,0,0
626,S14000053,Paisley and Renfrewshire South,18.5,31.4,5.1,0,0,39.2,0,5.8,26.5,40.5,10.6,0,0,46.7,0,21.7,11.4,22.8,2,0,0,31,0,0.4
627,S14000054,Perth and North Perthshire,42.6,13.3,2.6,0,0,41.5,0,0,50.5,19.8,5.7,0,0,48.1,0,0,36.1,8.2,0.8,0,0,34.4,0,0
628,S14000055,"Ross, Skye and Lochaber",24.7,13.9,20.9,0,0,38.8,0,1.8,33,20.6,30.3,0,0,45.7,0,7.1,16.6,8.3,12.7,0,0,31.9,0,0.2
629,S14000056,Rutherglen and Hamilton West,21.7,29.3,3.1,6.2,0,38.2,0,1.5,30.2,38.2,7.1,18.8,0,45.6,0,8,15,20.2,1,0.9,0,30.2,0,0
630,S14000057,Stirling,31.4,23.6,4.1,0,0,38.3,0,2.5,39.6,30.6,8.5,0,0,45.2,0,11.5,24.3,16.9,1.6,0,0,31.9,0,0.1
631,S14000058,West Aberdeenshire and Kincardine,39.7,12.5,10.2,0,0,37.7,0,0,47.4,18.8,16.6,0,0,44.4,0,0,32.7,7,5,0,0,32.1,0,0
632,S14000059,West Dunbartonshire,18.6,33.3,2.9,0,0,45.3,0,0,26.7,43.1,7.4,0,0,51.9,0,0,11.6,25.6,0.8,0,0,37.8,0,0
